site\features\planner\open3d\canvas-feasibility\FeasibilityCanvas.tsx	True
site\features\planner\open3d\editor\OOPlannerWorkspace.tsx	True
site\features\planner\open3d\3d\ThreeViewerInner.tsx	True
site\features\planner\open3d\3d\ThreeLazyViewer.tsx	True
site\features\planner\open3d\ui\Open3dNativeHost.tsx	True
site\features\planner\ui\Open3dPlannerHost.tsx	True
site\features\planner\ui\Open3dPlannerWorkspaceRoute.tsx	True
site\features\planner\open3d\editor\useWorkspaceKeyboard.ts	True
site\features\planner\open3d\editor\useWorkspaceCanvas.ts	True
site\features\planner\open3d\persistence\useOpen3dWorkspaceAutosave.ts	True
site\features\planner\open3d\canvas-fabric-stage\fabricFurnitureFlag.ts	True
site\features\planner\open3d\README.md	True
site\features\planner\_archive\fabric	True
site\config\build\next.config.js	True
