kind,file,lines_with_hits,match_count,categories
css,app/css/core/locked/site/home-base.css,277,492,@keyframes(1); rem/em(116); transition/animation(12); time (ms/s)(3); cubic-bezier(1); box position/size(89); %(88); z-index(1); border-radius(15); Npx(49); padding(30); gap(17); font-size(20); vh/vw(9); line-height(9); letter-spacing(10); margin(17); box-shadow(5)
css,app/css/core/locked/planner/marketing-base.css,276,490,@keyframes(1); rem/em(116); transition/animation(12); time (ms/s)(3); cubic-bezier(1); box position/size(88); %(87); z-index(1); border-radius(15); Npx(49); padding(30); gap(17); font-size(20); vh/vw(9); line-height(9); letter-spacing(10); margin(17); box-shadow(5)
css,app/css/core/locked/planner/marketing-layout-fallback.css,216,381,box position/size(68); %(95); rem/em(88); gap(21); vh/vw(6); box-shadow(5); z-index(3); border-radius(11); font-size(7); Npx(37); letter-spacing(4); line-height(5); margin(12); padding(17); time (ms/s)(2)
css,app/css/core/locked/site/home-layout-fallback.css,216,381,box position/size(68); %(95); rem/em(88); gap(21); vh/vw(6); box-shadow(5); z-index(3); border-radius(11); font-size(7); Npx(37); letter-spacing(4); line-height(5); margin(12); padding(17); time (ms/s)(2)
tsx,tech-stack-generator/src/pages/Workflows.tsx,161,370,Tailwind/CSS arbitrary [...](47); hex color(9); style object key(2); %(1); p*/m* spacing (px/py/etc)(99); rounded-*(28); gap/space-*(39); text-* size(63); Npx(17); w-/h-*(17); Tailwind palette(9); tracking/leading(14); font-weight(23); transition(1); shadow*(1)
css,app/css/core/locked/admin/admin-pages.css,203,361,box position/size(56); rem/em(129); padding(19); vh/vw(5); margin(19); %(36); border-radius(13); box-shadow(5); gap(14); font-size(25); letter-spacing(6); line-height(7); Npx(21); transition/animation(4); z-index(2)
css,components/repo-store/RepoStorePageView.module.css,146,296,box position/size(36); vh/vw(5); rem/em(47); margin(21); gap(17); padding(22); Npx(94); font-size(30); letter-spacing(6); border-radius(10); line-height(6); box-shadow(1); %(1)
css,features/planner/open3d/editor/workspace.module.css,197,272,box position/size(76); %(27); Npx(35); vh/vw(1); font-size(14); rem/em(38); line-height(3); box-shadow(9); gap(16); padding(15); z-index(7); margin(4); letter-spacing(4); border-radius(8); transition/animation(7); time (ms/s)(8)
css,app/css/core/locked/planner/marketing-type-fallback.css,107,264,font-size(32); rem/em(96); vh/vw(19); letter-spacing(25); line-height(26); box position/size(41); Npx(12); %(3); margin(5); padding(3); border-radius(1); gap(1)
css,app/css/core/locked/site/home-type-fallback.css,107,264,font-size(32); rem/em(96); vh/vw(19); letter-spacing(25); line-height(26); box position/size(41); Npx(12); %(3); margin(5); padding(3); border-radius(1); gap(1)
css,app/css/core/locked/planner/marketing-sections.css,154,258,gap(3); rem/em(74); box position/size(35); border-radius(12); font-size(16); line-height(10); transition/animation(15); padding(10); box-shadow(4); Npx(20); margin(4); letter-spacing(8); vh/vw(2); %(43); time (ms/s)(1); z-index(1)
css,app/css/core/locked/site/home-sections.css,154,258,gap(3); rem/em(74); box position/size(35); border-radius(12); font-size(16); line-height(10); transition/animation(15); padding(10); box-shadow(4); Npx(20); margin(4); letter-spacing(8); vh/vw(2); %(43); time (ms/s)(1); z-index(1)
tsx,features/planner/3d/Planner3DViewer.tsx,110,245,Tailwind/CSS arbitrary [...](102); shadow*(14); inline style={{ }}(5); w-/h-*(20); rem/em(22); rounded-*(13); p*/m* spacing (px/py/etc)(31); font-weight(12); tracking/leading(11); Npx(2); style object key(6); text-* size(1); gap/space-*(4); transition(2)
css,app/css/core/locked/planner/planner-shell.css,182,242,Npx(34); font-size(7); line-height(3); box position/size(66); vh/vw(1); gap(16); z-index(4); padding(20); rem/em(22); %(33); border-radius(13); margin(8); box-shadow(9); transition/animation(3); letter-spacing(3)
tsx,features/crm/ClientsView.tsx,99,238,Tailwind/CSS arbitrary [...](31); w-/h-*(34); gap/space-*(25); p*/m* spacing (px/py/etc)(40); rounded-*(10); text-* size(41); font-weight(24); rem/em(10); tracking/leading(11); Npx(6); style object key(1); transition(1); animate-*(2); z-index(1); Tailwind duration/delay(1)
css,app/css/core/locked/admin/admin.css,127,236,box position/size(33); vh/vw(3); transition/animation(5); z-index(3); rem/em(87); gap(14); %(24); padding(13); margin(8); Npx(12); box-shadow(7); border-radius(10); font-size(12); letter-spacing(5)
css,features/planner/open3d/editor/inventory.module.css,145,226,box position/size(40); %(10); font-size(18); rem/em(25); line-height(6); padding(25); Npx(23); border-radius(12); transition/animation(15); time (ms/s)(24); box-shadow(11); gap(10); letter-spacing(3); margin(3); @keyframes(1)
tsx,features/crm/ProjectDetailView.tsx,88,207,Tailwind/CSS arbitrary [...](24); gap/space-*(23); p*/m* spacing (px/py/etc)(41); w-/h-*(25); text-* size(36); font-weight(22); rounded-*(10); rem/em(8); tracking/leading(6); Npx(4); z-index(2); animate-*(2); Tailwind duration/delay(2); style object key(1); transition(1)
tsx,app/(site)/products/[category]/[product]/ProductViewer.tsx,106,205,w-/h-*(26); animate-*(2); rounded-*(10); Tailwind/CSS arbitrary [...](39); shadow*(3); p*/m* spacing (px/py/etc)(62); gap/space-*(14); transition(10); font-weight(8); z-index(4); inline style={{ }}(1); style object key(2); %(2); text-* size(15); Tailwind duration/delay(1); tracking/leading(6)
tsx,features/crm/QuotesView.tsx,82,203,Tailwind/CSS arbitrary [...](41); w-/h-*(23); gap/space-*(15); p*/m* spacing (px/py/etc)(37); rounded-*(8); text-* size(32); font-weight(18); rem/em(10); tracking/leading(7); Npx(7); style object key(1); transition(1); z-index(1); animate-*(1); Tailwind duration/delay(1)
css,app/css/core/locked/site/product-viewer.css,96,201,font-size(9); letter-spacing(6); rem/em(53); line-height(8); box position/size(48); z-index(1); Npx(16); %(16); padding(20); border-radius(11); box-shadow(2); gap(3); vh/vw(1); transition/animation(4); time (ms/s)(3)
tsx,features/crm/ProjectsView.tsx,79,199,Tailwind/CSS arbitrary [...](27); w-/h-*(23); gap/space-*(19); p*/m* spacing (px/py/etc)(43); rounded-*(9); text-* size(32); font-weight(21); rem/em(8); tracking/leading(8); Npx(4); transition(2); z-index(1); animate-*(1); Tailwind duration/delay(1)
css,app/css/core/locked/site/home-contact-teaser.css,103,197,box position/size(27); %(26); rem/em(65); border-radius(9); Npx(12); padding(9); z-index(1); gap(11); margin(8); font-size(9); letter-spacing(3); line-height(1); transition/animation(7); time (ms/s)(6); box-shadow(1); hex color(2)
tsx,features/shared/entry/AccessPage.tsx,31,175,inline style={{ }}(1); %(10); p*/m* spacing (px/py/etc)(33); gap/space-*(9); Tailwind/CSS arbitrary [...](31); w-/h-*(7); text-* size(29); style object key(23); font-weight(9); rounded-*(6); tracking/leading(8); rem/em(6); transition(3)
css,app/css/core/locked/planner/landing-planner-landing.css,100,171,box position/size(33); %(29); gap(5); rem/em(50); Npx(17); border-radius(6); box-shadow(1); padding(6); font-size(9); vh/vw(1); line-height(1); letter-spacing(7); margin(2); transition/animation(2); time (ms/s)(1); @keyframes(1)
css,app/css/core/locked/site/catalog-cards.css,88,168,box position/size(20); %(9); rem/em(61); border-radius(7); box-shadow(3); transition/animation(4); Npx(16); z-index(1); gap(10); padding(12); font-size(12); letter-spacing(6); line-height(5); margin(1); vh/vw(1)
css,app/css/core/locked/planner/landing-planner-feature-pages.css,94,161,padding(4); box position/size(23); rem/em(38); vh/vw(4); %(18); gap(8); transition/animation(19); Npx(12); margin(2); z-index(1); border-radius(6); box-shadow(6); time (ms/s)(14); @keyframes(6)
tsx,features/planner/onboarding/ProjectSetupStep.tsx,43,160,gap/space-*(9); rounded-*(6); Tailwind/CSS arbitrary [...](48); style object key(32); p*/m* spacing (px/py/etc)(17); transition(2); shadow*(4); text-* size(20); rem/em(3); font-weight(3); w-/h-*(14); inline style={{ }}(1); hex color(1)
css,app/css/core/locked/site/pdp-detail.css,85,158,z-index(1); box position/size(26); rem/em(50); Npx(13); gap(7); border-radius(7); %(10); box-shadow(5); padding(11); vh/vw(2); margin(2); font-size(8); letter-spacing(6); line-height(8); transition/animation(2)
tsx,features/shared/entry/ProductEntryPage.tsx,39,156,p*/m* spacing (px/py/etc)(21); inline style={{ }}(22); %(6); w-/h-*(3); Tailwind/CSS arbitrary [...](17); vh/vw(1); rem/em(13); gap/space-*(9); rounded-*(7); shadow*(1); text-* size(16); font-weight(8); tracking/leading(12); style object key(16); transition(1); Npx(3)
css,app/css/core/locked/planner/landing-plannerpage.css,74,150,padding(9); box position/size(33); rem/em(43); z-index(1); vh/vw(8); gap(10); margin(5); %(17); font-size(3); line-height(3); Npx(8); transition/animation(2); border-radius(4); time (ms/s)(3); box-shadow(1)
css,app/css/core/locked/planner/workspace-open3d-route-host.css,115,149,box position/size(41); %(39); rem/em(10); padding(11); z-index(2); gap(6); Npx(7); border-radius(9); box-shadow(5); font-size(7); margin(2); letter-spacing(1); vh/vw(2); transition/animation(3); time (ms/s)(2); line-height(1); @keyframes(1)
tsx,tech-stack-generator/src/pages/Features.tsx,91,142,style object key(6); Tailwind palette(3); Tailwind/CSS arbitrary [...](25); hex color(3); w-/h-*(3); p*/m* spacing (px/py/etc)(37); gap/space-*(13); transition(1); rounded-*(7); font-weight(11); text-* size(31); tracking/leading(1); shadow*(1)
css,app/css/core/locked/site/catalog-filters.css,78,141,font-size(11); letter-spacing(3); rem/em(43); line-height(4); box position/size(29); border-radius(7); padding(11); z-index(1); %(6); Npx(8); box-shadow(6); margin(2); gap(5); transition/animation(5)
tsx,features/planner/_archive/fabric/editor/PlannerSketchRecoveryPanel.tsx,17,137,w-/h-*(1); Tailwind/CSS arbitrary [...](7); rem/em(6); vh/vw(1); rounded-*(9); Tailwind palette(51); p*/m* spacing (px/py/etc)(22); shadow*(1); inline style={{ }}(1); style object key(1); gap/space-*(3); text-* size(12); font-weight(10); tracking/leading(4); Npx(2); transition(6)
tsx,tech-stack-generator/src/pages/Overview.tsx,51,134,style object key(10); Tailwind palette(15); w-/h-*(7); p*/m* spacing (px/py/etc)(30); rounded-*(10); Tailwind/CSS arbitrary [...](3); rem/em(1); gap/space-*(11); text-* size(20); font-weight(10); animate-*(1); tracking/leading(6); z-index(1); transition(8); Tailwind duration/delay(1)
tsx,features/ops/CustomerQueriesOpsPageView.tsx,60,130,Tailwind/CSS arbitrary [...](22); p*/m* spacing (px/py/etc)(41); gap/space-*(9); text-* size(25); Tailwind palette(4); rounded-*(14); w-/h-*(4); animate-*(2); tracking/leading(6); font-weight(3)
tsx,features/planner/admin/AdminPlansPageView.tsx,58,125,Tailwind/CSS arbitrary [...](22); w-/h-*(2); p*/m* spacing (px/py/etc)(44); gap/space-*(8); text-* size(22); tracking/leading(5); font-weight(9); animate-*(2); rounded-*(9); rem/em(1); Tailwind palette(1)
tsx,app/(site)/products/[category]/FilterGridInner.tsx,65,121,Tailwind/CSS arbitrary [...](43); gap/space-*(15); w-/h-*(15); p*/m* spacing (px/py/etc)(26); transition(3); rounded-*(6); shadow*(2); Npx(4); animate-*(1); text-* size(3); z-index(2); font-weight(1)
css,features/planner/open3d/editor/properties.module.css,78,120,box position/size(23); %(3); font-size(11); rem/em(13); line-height(2); padding(11); Npx(16); margin(10); gap(7); border-radius(5); letter-spacing(2); transition/animation(4); time (ms/s)(9); box-shadow(4)
tsx,features/planner/portal/PortalPlanPageView.tsx,46,120,w-/h-*(3); p*/m* spacing (px/py/etc)(41); rounded-*(6); Tailwind/CSS arbitrary [...](9); rem/em(9); text-* size(20); font-weight(10); tracking/leading(6); gap/space-*(16)
css,app/css/core/locked/site/home-projects.css,56,119,rem/em(41); box position/size(23); Npx(3); margin(4); gap(11); padding(4); font-size(7); letter-spacing(5); line-height(6); %(7); border-radius(1); box-shadow(1); transition/animation(3); time (ms/s)(1); vh/vw(2)
tsx,tech-stack-generator/src/pages/Architecture.tsx,80,111,Tailwind/CSS arbitrary [...](40); hex color(9); w-/h-*(1); p*/m* spacing (px/py/etc)(31); text-* size(16); font-weight(8); gap/space-*(4); rounded-*(2)
tsx,components/site/Header.tsx,62,110,Tailwind/CSS arbitrary [...](29); z-index(1); transition(7); shadow*(5); style object key(1); p*/m* spacing (px/py/etc)(33); w-/h-*(11); gap/space-*(8); rounded-*(9); Tailwind duration/delay(3); animate-*(2); font-weight(1)
tsx,features/planner/admin/AdminAnalyticsPageView.tsx,52,108,Tailwind/CSS arbitrary [...](12); w-/h-*(2); p*/m* spacing (px/py/etc)(37); gap/space-*(9); text-* size(21); tracking/leading(5); font-weight(10); rounded-*(8); animate-*(2); Tailwind palette(1); rem/em(1)
tsx,features/shared/entry/SuiteLoginPage.tsx,23,107,Tailwind/CSS arbitrary [...](20); rgb/rgba(1); w-/h-*(6); p*/m* spacing (px/py/etc)(16); gap/space-*(8); rounded-*(5); text-* size(16); font-weight(7); transition(3); style object key(6); rem/em(7); tracking/leading(8); shadow*(2); Npx(2)
tsx,lib/ai/AiAdvisorPanel.tsx,41,105,Tailwind/CSS arbitrary [...](11); z-index(2); gap/space-*(7); rounded-*(11); p*/m* spacing (px/py/etc)(19); shadow*(2); transition(6); inline style={{ }}(14); style object key(11); text-* size(8); font-weight(2); w-/h-*(5); rem/em(4); %(1); tracking/leading(1); animate-*(1)
tsx,features/planner/onboarding/OnboardingCoach.tsx,43,102,Tailwind/CSS arbitrary [...](20); style object key(6); w-/h-*(13); Npx(1); p*/m* spacing (px/py/etc)(17); text-* size(9); rounded-*(9); Tailwind palette(2); rem/em(5); font-weight(3); tracking/leading(2); gap/space-*(5); inline style={{ }}(2); transition(4); Tailwind duration/delay(2); vh/vw(1); shadow*(1)
tsx,app/(site)/solutions/page.tsx,21,101,Tailwind/CSS arbitrary [...](32); p*/m* spacing (px/py/etc)(21); rem/em(13); w-/h-*(4); text-* size(12); vh/vw(3); style object key(1); Npx(1); gap/space-*(4); transition(3); font-weight(4); tracking/leading(2); Tailwind duration/delay(1)
css,app/css/core/locked/site/shell-pdp.css,56,101,rem/em(38); border-radius(9); %(9); box-shadow(4); Npx(9); margin(3); box position/size(7); font-size(5); letter-spacing(4); padding(8); transition/animation(4); time (ms/s)(1)
tsx,features/planner/admin/AdminWorkspaceCatalogPageView.tsx,47,101,Tailwind/CSS arbitrary [...](8); w-/h-*(4); p*/m* spacing (px/py/etc)(54); text-* size(18); tracking/leading(2); font-weight(6); rounded-*(6); gap/space-*(1); rem/em(2)
css,app/css/core/locked/site/home-contact-page.css,57,100,box position/size(15); %(6); gap(8); rem/em(28); font-size(13); letter-spacing(5); line-height(4); margin(6); border-radius(2); padding(5); box-shadow(1); transition/animation(3); Npx(4)
tsx,app/(site)/compare/page.tsx,39,99,Tailwind/CSS arbitrary [...](36); p*/m* spacing (px/py/etc)(32); gap/space-*(7); transition(1); text-* size(10); w-/h-*(5); rem/em(3); vh/vw(3); style object key(1); Npx(1)
tsx,features/planner/admin/AdminInventoryPageView.tsx,48,97,Tailwind/CSS arbitrary [...](22); w-/h-*(3); p*/m* spacing (px/py/etc)(39); text-* size(16); tracking/leading(2); font-weight(7); gap/space-*(1); rem/em(2); rounded-*(5)
tsx,lib/ui/SmartLayoutEngine.tsx,35,97,Tailwind/CSS arbitrary [...](17); z-index(2); gap/space-*(6); rounded-*(9); p*/m* spacing (px/py/etc)(19); shadow*(2); transition(3); inline style={{ }}(10); style object key(6); text-* size(8); font-weight(4); w-/h-*(4); rem/em(4); Tailwind palette(2); Npx(1)
css,app/css/core/locked/planner/open3d.css,71,95,box position/size(33); %(9); gap(6); padding(10); margin(5); font-size(4); Npx(9); border-radius(5); box-shadow(4); z-index(1); rem/em(9)
tsx,features/site-assistant/UnifiedAssistant.tsx,60,95,Tailwind/CSS arbitrary [...](27); w-/h-*(31); text-* size(11); font-weight(4); tracking/leading(1); rem/em(1); rounded-*(1); p*/m* spacing (px/py/etc)(7); gap/space-*(7); Tailwind palette(3); animate-*(2)
tsx,lib/ui/KeyboardShortcuts.tsx,37,95,%(1); Tailwind/CSS arbitrary [...](15); w-/h-*(3); rem/em(5); vh/vw(2); rounded-*(5); shadow*(1); inline style={{ }}(16); p*/m* spacing (px/py/etc)(20); gap/space-*(3); style object key(10); text-* size(8); font-weight(2); tracking/leading(1); Npx(3)
tsx,features/planner/landing/PlannerFeatureDemo.tsx,37,92,rem/em(3); Tailwind duration/delay(20); %(1); Tailwind/CSS arbitrary [...](23); gap/space-*(3); rounded-*(3); style object key(15); p*/m* spacing (px/py/etc)(10); font-weight(3); tracking/leading(2); text-* size(6); shadow*(3)
css,app/css/core/locked/planner/workspace-FeasibilityCanvas.css,75,90,box position/size(33); margin(5); font-size(5); line-height(1); gap(4); padding(10); Npx(10); border-radius(6); box-shadow(4); %(9); rem/em(3)
tsx,features/planner/admin/AdminPlanDetailPageView.tsx,50,89,Tailwind/CSS arbitrary [...](11); p*/m* spacing (px/py/etc)(24); text-* size(17); w-/h-*(2); gap/space-*(18); animate-*(1); rounded-*(8); Tailwind palette(2); tracking/leading(1); font-weight(5)
tsx,features/shared/entry/ChooseProductPage.tsx,28,86,Tailwind/CSS arbitrary [...](23); p*/m* spacing (px/py/etc)(20); w-/h-*(8); vh/vw(4); rem/em(5); text-* size(9); style object key(3); Npx(1); motion props(4); transition(4); JS anim duration(2); z-index(1); gap/space-*(2)
css,app/css/core/locked/site/shell-workspace.css,45,84,box position/size(10); vh/vw(1); %(15); rem/em(24); border-radius(9); padding(9); box-shadow(3); transition/animation(2); gap(1); margin(3); Npx(7)
tsx,components/support/VisualIVR.tsx,37,83,w-/h-*(18); Tailwind/CSS arbitrary [...](6); rem/em(1); p*/m* spacing (px/py/etc)(13); shadow*(3); rounded-*(1); gap/space-*(6); text-* size(9); transition(7); Tailwind palette(2); font-weight(7); tracking/leading(1); motion props(4); style object key(3); JS anim duration(1); Tailwind duration/delay(1)
tsx,features/shared/dashboard/DashboardClient.tsx,27,83,rounded-*(6); Tailwind/CSS arbitrary [...](9); rem/em(5); p*/m* spacing (px/py/etc)(20); transition(2); shadow*(1); Tailwind duration/delay(1); gap/space-*(5); w-/h-*(4); text-* size(14); font-weight(8); tracking/leading(8)
tsx,app/(site)/products/[category]/FilterGrid.components.tsx,33,82,Tailwind/CSS arbitrary [...](8); p*/m* spacing (px/py/etc)(16); transition(10); gap/space-*(8); w-/h-*(16); text-* size(5); rounded-*(6); font-weight(2); shadow*(1); rem/em(3); style object key(2); Npx(1); vh/vw(3); Tailwind duration/delay(1)
tsx,features/planner/landing/PlannerFeaturePageView.tsx,37,82,Tailwind/CSS arbitrary [...](10); p*/m* spacing (px/py/etc)(20); gap/space-*(12); w-/h-*(25); rounded-*(3); text-* size(5); style object key(5); transition(2)
tsx,features/planner/ui/PlannerSessionDialog.tsx,56,82,Tailwind/CSS arbitrary [...](24); w-/h-*(12); rounded-*(1); animate-*(2); gap/space-*(10); p*/m* spacing (px/py/etc)(22); text-* size(4); style object key(4); tracking/leading(2); rem/em(1)
css,app/css/core/locked/site/shell-portal.css,56,80,box position/size(24); vh/vw(2); rem/em(14); border-radius(9); transition/animation(5); time (ms/s)(1); @keyframes(1); z-index(1); %(6); Npx(11); box-shadow(5); margin(1)
css,app/css/core/locked/site/pdp-cta.css,49,79,rem/em(25); border-radius(6); padding(6); box-shadow(7); box position/size(10); %(6); Npx(8); transition/animation(1); gap(4); font-size(2); line-height(1); vh/vw(1); z-index(1); letter-spacing(1)
tsx,components/site/MobileNavDrawer.tsx,42,79,Tailwind/CSS arbitrary [...](23); gap/space-*(7); rounded-*(7); p*/m* spacing (px/py/etc)(24); w-/h-*(7); font-weight(1); text-* size(6); vh/vw(1); transition(1); animate-*(1); Tailwind duration/delay(1)
tsx,tech-stack-generator/src/pages/TechStack.tsx,28,79,Tailwind/CSS arbitrary [...](6); w-/h-*(10); p*/m* spacing (px/py/etc)(17); gap/space-*(9); rounded-*(8); text-* size(10); font-weight(8); transition(6); rem/em(2); Tailwind duration/delay(1); shadow*(1); tracking/leading(1)
tsx,tech-stack-generator/src/components/Sidebar.tsx,35,78,Tailwind/CSS arbitrary [...](10); p*/m* spacing (px/py/etc)(21); rounded-*(7); text-* size(9); transition(8); gap/space-*(7); font-weight(4); Tailwind duration/delay(2); w-/h-*(6); rem/em(1); z-index(3)
css,app/css/core/locked/site/catalog-mobile.css,36,77,rem/em(33); box position/size(14); padding(9); %(2); gap(2); font-size(7); vh/vw(4); line-height(3); margin(1); border-radius(2)
css,app/css/core/locked/site/home-showcase-carousel.css,42,77,box position/size(17); %(5); rem/em(27); border-radius(3); transition/animation(4); gap(1); margin(2); Npx(3); padding(3); font-size(4); vh/vw(2); line-height(3); letter-spacing(3)
tsx,tech-stack-generator/src/pages/Deployment.tsx,41,77,w-/h-*(4); p*/m* spacing (px/py/etc)(32); text-* size(15); font-weight(10); gap/space-*(8); rounded-*(6); Tailwind/CSS arbitrary [...](2)
tsx,components/home/ProcessSection.tsx,19,76,Tailwind/CSS arbitrary [...](13); p*/m* spacing (px/py/etc)(19); gap/space-*(5); text-* size(11); font-weight(7); tracking/leading(8); rounded-*(3); transition(2); motion props(2); style object key(2); JS anim duration(1); rem/em(3)
tsx,app/(site)/about/page.tsx,25,75,Tailwind/CSS arbitrary [...](19); p*/m* spacing (px/py/etc)(18); w-/h-*(3); rem/em(5); text-* size(10); vh/vw(7); gap/space-*(7); style object key(3); Npx(3)
tsx,features/site-assistant/AdvancedBot.tsx,37,73,Tailwind/CSS arbitrary [...](11); z-index(2); rounded-*(2); p*/m* spacing (px/py/etc)(5); shadow*(1); transition(4); w-/h-*(16); text-* size(4); font-weight(3); tracking/leading(3); motion props(4); style object key(3); rem/em(3); vh/vw(1); gap/space-*(10); Tailwind palette(1)
tsx,features/planner/ui/PlannerSkeleton.tsx,29,72,w-/h-*(26); gap/space-*(4); Tailwind/CSS arbitrary [...](6); style object key(5); p*/m* spacing (px/py/etc)(3); rounded-*(14); inline style={{ }}(1); rem/em(4); %(9)
tsx,tech-stack-generator/src/pages/ApiDesign.tsx,34,70,Tailwind palette(6); w-/h-*(1); p*/m* spacing (px/py/etc)(26); text-* size(12); font-weight(10); gap/space-*(7); rounded-*(2); tracking/leading(2); transition(1); Tailwind/CSS arbitrary [...](3)
css,app/css/core/locked/planner/marketing-showcase-shared.css,38,69,box position/size(8); %(6); gap(2); rem/em(20); border-radius(4); padding(1); box-shadow(5); Npx(13); font-size(2); vh/vw(1); line-height(2); letter-spacing(2); transition/animation(2); time (ms/s)(1)
css,app/css/core/locked/site/home-showcase-shared.css,38,69,box position/size(8); %(6); gap(2); rem/em(20); border-radius(4); padding(1); box-shadow(5); Npx(13); font-size(2); vh/vw(1); line-height(2); letter-spacing(2); transition/animation(2); time (ms/s)(1)
tsx,components/home/Hero.tsx,29,69,style object key(7); transition(4); JS anim duration(1); Tailwind/CSS arbitrary [...](17); %(4); w-/h-*(11); vh/vw(4); rem/em(4); inline style={{ }}(1); Tailwind duration/delay(1); z-index(2); p*/m* spacing (px/py/etc)(8); gap/space-*(2); text-* size(1); font-weight(1); tracking/leading(1)
css,app/css/core/locked/site/shell-assistant.css,34,66,box-shadow(4); %(5); rem/em(23); box position/size(13); vh/vw(2); border-radius(5); Npx(7); z-index(1); padding(4); gap(1); font-size(1)
tsx,components/Reviews.tsx,33,66,Tailwind/CSS arbitrary [...](19); p*/m* spacing (px/py/etc)(15); gap/space-*(7); rem/em(1); w-/h-*(6); text-* size(13); font-weight(3); tracking/leading(2)
tsx,components/home/HomepageHero.tsx,28,65,transition(5); style object key(11); %(5); Tailwind/CSS arbitrary [...](11); JS anim duration(1); w-/h-*(9); vh/vw(4); rem/em(2); p*/m* spacing (px/py/etc)(5); motion props(1); z-index(2); gap/space-*(3); text-* size(1); shadow*(2); rounded-*(2); Tailwind duration/delay(1)
tsx,app/(site)/opengraph-image.tsx,29,64,style object key(23); inline style={{ }}(9); %(5); hex color(8); rem/em(14); Npx(4); rgb/rgba(1)
css,features/planner/open3d/editor/canvas-tool-rail.module.css,44,64,gap(3); box position/size(21); rem/em(11); %(6); padding(3); Npx(10); z-index(1); margin(3); border-radius(1); time (ms/s)(3); font-size(1); letter-spacing(1)
tsx,tech-stack-generator/src/components/GeneratedDataTables.tsx,32,64,Tailwind palette(6); rounded-*(4); text-* size(9); tracking/leading(3); p*/m* spacing (px/py/etc)(30); font-weight(8); Tailwind/CSS arbitrary [...](4)
tsx,tech-stack-generator/src/pages/Database.tsx,36,64,Tailwind/CSS arbitrary [...](7); hex color(3); w-/h-*(1); p*/m* spacing (px/py/etc)(28); text-* size(14); font-weight(7); gap/space-*(3); rounded-*(1)
tsx,tech-stack-generator/src/pages/Performance.tsx,36,64,style object key(10); Tailwind palette(3); w-/h-*(3); p*/m* spacing (px/py/etc)(21); gap/space-*(4); rounded-*(4); font-weight(3); text-* size(9); tracking/leading(2); Npx(1); vh/vw(3); rem/em(1)
tsx,app/(site)/quote-cart/page.tsx,33,63,Tailwind/CSS arbitrary [...](5); p*/m* spacing (px/py/etc)(23); gap/space-*(9); w-/h-*(18); rounded-*(8)
css,app/css/core/locked/planner/marketing-extras.css,37,63,font-size(5); letter-spacing(5); rem/em(16); line-height(3); box position/size(10); %(14); gap(2); vh/vw(1); transition/animation(1); Npx(2); border-radius(2); z-index(1); margin(1)
css,app/css/core/locked/site/home-extras.css,37,63,font-size(5); letter-spacing(5); rem/em(16); line-height(3); box position/size(10); %(14); gap(2); vh/vw(1); transition/animation(1); Npx(2); border-radius(2); z-index(1); margin(1)
tsx,app/(site)/sustainability/page.tsx,23,62,Tailwind/CSS arbitrary [...](17); p*/m* spacing (px/py/etc)(19); w-/h-*(2); rem/em(4); text-* size(10); vh/vw(3); font-weight(2); style object key(1); Npx(1); gap/space-*(3)
tsx,tech-stack-generator/src/pages/Security.tsx,36,62,style object key(6); Tailwind palette(5); w-/h-*(5); p*/m* spacing (px/py/etc)(19); text-* size(12); font-weight(5); gap/space-*(7); rounded-*(3)
tsx,components/home/FeaturedCarousel.tsx,32,61,Tailwind/CSS arbitrary [...](10); p*/m* spacing (px/py/etc)(12); gap/space-*(4); w-/h-*(19); rounded-*(6); transition(4); style object key(1); Npx(1); vh/vw(2); Tailwind duration/delay(1); tracking/leading(1)
tsx,features/planner/admin/AdminFeatureFlagsPageView.tsx,29,55,Tailwind/CSS arbitrary [...](9); w-/h-*(5); p*/m* spacing (px/py/etc)(13); gap/space-*(5); text-* size(9); tracking/leading(1); font-weight(3); animate-*(2); rounded-*(4); Tailwind palette(1); transition(2); shadow*(1)
css,features/planner/open3d/editor/command-palette.module.css,36,53,box position/size(11); z-index(1); padding(5); vh/vw(2); rem/em(12); %(3); Npx(8); border-radius(2); box-shadow(1); gap(3); font-size(5)
tsx,tech-stack-generator/src/components/CommandPalette.tsx,22,52,Tailwind/CSS arbitrary [...](4); p*/m* spacing (px/py/etc)(20); transition(6); w-/h-*(4); rounded-*(4); shadow*(1); vh/vw(1); text-* size(6); gap/space-*(4); font-weight(2)
tsx,components/site/SiteErrorBoundary.tsx,12,50,Tailwind/CSS arbitrary [...](5); p*/m* spacing (px/py/etc)(11); rounded-*(7); shadow*(3); w-/h-*(9); text-* size(7); font-weight(3); tracking/leading(2); gap/space-*(1); transition(2)
tsx,features/planner/_archive/fabric/editor/PlannerWorkspaceLayout.tsx,16,50,Tailwind palette(4); text-* size(2); font-weight(2); p*/m* spacing (px/py/etc)(4); shadow*(1); animate-*(3); inline style={{ }}(2); style object key(3); gap/space-*(1); w-/h-*(11); rounded-*(3); Tailwind/CSS arbitrary [...](9); rem/em(1); transition(2); Tailwind duration/delay(1); Npx(1)
tsx,features/planner/open3d/canvas-fabric/FeasibilityCanvas.tsx,48,50,Tailwind/CSS arbitrary [...](46); style object key(4)
tsx,features/planner/portal/PortalPageView.tsx,24,49,w-/h-*(3); p*/m* spacing (px/py/etc)(30); gap/space-*(6); text-* size(3); rounded-*(1); Tailwind/CSS arbitrary [...](2); rem/em(2); font-weight(1); tracking/leading(1)
tsx,features/planner/landing/PlannerFeaturesHubPage.tsx,27,48,Tailwind/CSS arbitrary [...](4); vh/vw(1); inline style={{ }}(1); style object key(6); p*/m* spacing (px/py/etc)(12); gap/space-*(4); w-/h-*(7); text-* size(2); motion props(4); Npx(2); transition(3); JS anim duration(2)
tsx,features/planner/_archive/fabric/editor/PlannerTopBar.tsx,12,47,w-/h-*(12); Tailwind/CSS arbitrary [...](9); p*/m* spacing (px/py/etc)(6); rem/em(2); text-* size(2); font-weight(2); gap/space-*(3); rounded-*(3); transition(1); Tailwind palette(5); tracking/leading(1); animate-*(1)
tsx,features/shared/auth/components/AuthControls.tsx,11,47,gap/space-*(1); rounded-*(2); font-weight(1); transition(2); Tailwind/CSS arbitrary [...](15); style object key(13); Tailwind palette(5); p*/m* spacing (px/py/etc)(8)
tsx,features/shared/auth/components/AuthShell.tsx,14,47,p*/m* spacing (px/py/etc)(14); gap/space-*(4); font-weight(3); tracking/leading(2); Tailwind palette(7); w-/h-*(2); rounded-*(3); Tailwind/CSS arbitrary [...](5); style object key(4); rem/em(1); shadow*(1); text-* size(1)
tsx,tech-stack-generator/src/pages/CodeOrganization.tsx,30,47,style object key(10); Tailwind palette(2); w-/h-*(1); p*/m* spacing (px/py/etc)(16); text-* size(8); font-weight(5); gap/space-*(3); rounded-*(1); tracking/leading(1)
tsx,app/(site)/products/[category]/loading.tsx,15,46,w-/h-*(12); Tailwind/CSS arbitrary [...](4); vh/vw(1); rem/em(1); animate-*(8); p*/m* spacing (px/py/etc)(10); rounded-*(7); gap/space-*(3)
css,app/css/core/locked/site/shell-quick-contact.css,24,46,box position/size(7); rem/em(21); border-radius(3); padding(2); font-size(5); transition/animation(2); gap(4); margin(2)
tsx,components/ui/HotspotImage.tsx,17,46,Tailwind/CSS arbitrary [...](2); w-/h-*(8); rem/em(1); inline style={{ }}(2); Npx(1); vh/vw(1); transition(4); Tailwind duration/delay(2); style object key(5); rounded-*(2); animate-*(1); z-index(2); shadow*(1); motion props(3); p*/m* spacing (px/py/etc)(3); font-weight(3); text-* size(3); tracking/leading(2)
tsx,components/home/Collections.tsx,15,44,p*/m* spacing (px/py/etc)(5); gap/space-*(5); w-/h-*(12); rounded-*(2); transition(4); Tailwind duration/delay(4); Tailwind/CSS arbitrary [...](3); style object key(2); Npx(2); vh/vw(3); rem/em(2)
tsx,features/planner/admin/AdminSettingsPageView.tsx,24,44,gap/space-*(5); text-* size(12); font-weight(4); p*/m* spacing (px/py/etc)(15); tracking/leading(1); rounded-*(3); Tailwind/CSS arbitrary [...](2); Tailwind palette(2)
css,app/css/core/locked/planner/marketing-footer.css,22,43,letter-spacing(1); rem/em(13); border-radius(3); transition/animation(3); Npx(2); box position/size(9); margin(2); padding(4); gap(3); font-size(2); line-height(1)
css,app/css/core/locked/site/site-footer.css,22,43,letter-spacing(1); rem/em(13); border-radius(3); transition/animation(3); Npx(2); box position/size(9); margin(2); padding(4); gap(3); font-size(2); line-height(1)
tsx,features/planner/admin/AdminCatalogManager.tsx,30,43,Tailwind/CSS arbitrary [...](25); gap/space-*(3); p*/m* spacing (px/py/etc)(4); text-* size(3); animate-*(2); w-/h-*(3); rem/em(3)
tsx,components/site/CookieConsentBar.tsx,11,42,z-index(1); Tailwind/CSS arbitrary [...](13); shadow*(1); style object key(4); w-/h-*(6); text-* size(2); tracking/leading(1); rounded-*(1); p*/m* spacing (px/py/etc)(7); font-weight(2); transition(1); gap/space-*(3)
tsx,components/site/EditorialRoute.tsx,6,42,Tailwind/CSS arbitrary [...](14); p*/m* spacing (px/py/etc)(9); rem/em(6); w-/h-*(1); text-* size(5); vh/vw(1); gap/space-*(1); font-weight(2); transition(3)
css,app/css/core/locked/planner/workspace-canvas.css,35,41,box position/size(13); padding(5); %(5); margin(2); Npx(4); border-radius(4); box-shadow(4); font-size(3); gap(1)
css,app/css/core/locked/site/shell-site-fabs.css,24,41,Npx(10); box position/size(14); z-index(1); rem/em(13); border-radius(1); box-shadow(1); transition/animation(1)
tsx,components/home/ShowcaseCarousel.tsx,20,41,Tailwind/CSS arbitrary [...](11); p*/m* spacing (px/py/etc)(4); gap/space-*(5); w-/h-*(5); vh/vw(5); rem/em(4); rounded-*(1); style object key(2); Npx(2); transition(1); Tailwind duration/delay(1)
tsx,features/planner/_archive/fabric/editor/OnboardingTooltips.tsx,18,41,style object key(8); %(4); rem/em(3); Npx(1); Tailwind/CSS arbitrary [...](5); inline style={{ }}(2); gap/space-*(3); rounded-*(3); p*/m* spacing (px/py/etc)(5); shadow*(1); text-* size(3); font-weight(1); w-/h-*(2)
tsx,app/(site)/projects/page.tsx,15,39,w-/h-*(4); Tailwind/CSS arbitrary [...](5); vh/vw(2); rem/em(2); p*/m* spacing (px/py/etc)(16); gap/space-*(5); rounded-*(2); text-* size(1); font-weight(1); tracking/leading(1)
tsx,features/planner/admin/AdminCatalogEditorDrawer.tsx,28,39,text-* size(10); Tailwind/CSS arbitrary [...](6); gap/space-*(12); rounded-*(1); p*/m* spacing (px/py/etc)(8); font-weight(1); animate-*(1)
tsx,tests/integration/planner-canvas-fabric-FloorplanContext.test.tsx,38,39,Tailwind/CSS arbitrary [...](29); hex color(8); style object key(2)
css,app/css/core/locked/site/shell-assistant-bot.css,20,38,box position/size(13); rem/em(17); z-index(2); box-shadow(1); gap(1); padding(2); vh/vw(1); %(1)
css,app/css/core/locked/site/shell-cta.css,23,37,box position/size(10); %(8); rem/em(7); border-radius(2); padding(4); box-shadow(1); z-index(1); gap(1); Npx(2); font-size(1)
tsx,components/home/CategoryGrid.tsx,16,37,Tailwind/CSS arbitrary [...](5); p*/m* spacing (px/py/etc)(7); gap/space-*(6); rounded-*(2); w-/h-*(7); rem/em(1); style object key(2); Npx(2); vh/vw(3); transition(1); Tailwind duration/delay(1)
tsx,features/shared/auth/components/SignupPage.tsx,19,37,Tailwind/CSS arbitrary [...](8); p*/m* spacing (px/py/etc)(6); w-/h-*(2); rounded-*(1); Tailwind palette(5); text-* size(3); font-weight(4); tracking/leading(2); gap/space-*(2); animate-*(2); style object key(2)
tsx,components/repo-store/RepoStorePageView.tsx,36,36,Tailwind/CSS arbitrary [...](36)
tsx,features/planner/help/PlannerHelpPage.tsx,22,36,Tailwind/CSS arbitrary [...](4); p*/m* spacing (px/py/etc)(15); gap/space-*(3); w-/h-*(9); text-* size(1); style object key(1); rounded-*(2); font-weight(1)
tsx,app/(site)/service/page.tsx,15,35,p*/m* spacing (px/py/etc)(16); gap/space-*(4); rounded-*(5); Tailwind/CSS arbitrary [...](1); transition(3); Tailwind duration/delay(3); shadow*(3)
tsx,features/planner/landing/PlannerToolsShowcase.tsx,18,35,transition(3); style object key(3); gap/space-*(7); Tailwind/CSS arbitrary [...](3); rem/em(1); p*/m* spacing (px/py/etc)(6); motion props(1); JS anim duration(1); w-/h-*(7); text-* size(1); shadow*(2)
tsx,tech-stack-generator/tests/rendering.test.tsx,35,35,Tailwind/CSS arbitrary [...](35)
tsx,app/(site)/login/LoginForm.tsx,30,34,Tailwind/CSS arbitrary [...](12); p*/m* spacing (px/py/etc)(5); text-* size(9); tracking/leading(1); gap/space-*(6); transition(1)
tsx,app/(site)/privacy/page.tsx,17,34,gap/space-*(8); Tailwind/CSS arbitrary [...](1); rounded-*(3); p*/m* spacing (px/py/etc)(18); text-* size(1); tracking/leading(1); font-weight(1); transition(1)
tsx,app/(site)/products/loading.tsx,7,34,w-/h-*(7); p*/m* spacing (px/py/etc)(6); animate-*(4); rounded-*(5); Tailwind/CSS arbitrary [...](6); style object key(5); gap/space-*(1)
tsx,features/planner/_archive/fabric/editor/ExportModal.tsx,17,34,w-/h-*(2); Tailwind/CSS arbitrary [...](17); rem/em(2); Tailwind palette(2); rounded-*(1); transition(1); gap/space-*(2); p*/m* spacing (px/py/etc)(4); text-* size(2); animate-*(1)
tsx,features/planner/onboarding/StartingPointStep.tsx,9,34,p*/m* spacing (px/py/etc)(5); Tailwind/CSS arbitrary [...](6); rem/em(2); Npx(2); animate-*(1); Tailwind duration/delay(1); w-/h-*(3); gap/space-*(3); text-* size(5); style object key(4); font-weight(1); tracking/leading(1)
tsx,features/planner/shared/components/Inspector.tsx,17,34,p*/m* spacing (px/py/etc)(9); text-* size(9); gap/space-*(5); font-weight(5); Tailwind/CSS arbitrary [...](1); w-/h-*(2); rounded-*(1); transition(1); Tailwind palette(1)
tsx,features/shared/shell/GlobalNavHeader.tsx,12,34,z-index(1); w-/h-*(3); gap/space-*(3); p*/m* spacing (px/py/etc)(4); inline style={{ }}(4); transition(2); rounded-*(2); text-* size(3); Tailwind/CSS arbitrary [...](3); rem/em(3); font-weight(2); tracking/leading(2); style object key(2)
css,app/css/core/locked/site/catalog-summary.css,16,33,box position/size(8); %(1); rem/em(12); gap(2); padding(3); font-size(1); transition/animation(1); border-radius(2); Npx(1); box-shadow(1); margin(1)
css,app/css/core/locked/site/pdp-product-gallery.css,18,33,gap(2); rem/em(13); box position/size(10); %(2); border-radius(3); padding(2); font-size(1)
tsx,components/ui/WhatsAppCTA.tsx,15,33,Tailwind/CSS arbitrary [...](2); motion props(7); style object key(5); transition(2); JS anim duration(2); w-/h-*(11); rounded-*(2); rem/em(1); p*/m* spacing (px/py/etc)(1)
css,features/planner/open3d/3d/threeLazyViewer.module.css,18,33,box position/size(7); %(3); Npx(4); border-radius(3); font-size(3); rem/em(8); line-height(1); gap(1); padding(2); margin(1)
tsx,app/(site)/access/AccessForm.tsx,14,32,Tailwind/CSS arbitrary [...](9); p*/m* spacing (px/py/etc)(6); text-* size(7); gap/space-*(4); rounded-*(2); w-/h-*(1); font-weight(1); transition(1); shadow*(1)
tsx,features/planner/_archive/fabric/canvas-fabric/context/FloorplanContext.tsx,32,32,style object key(8); Tailwind/CSS arbitrary [...](24)
tsx,app/(site)/downloads/page.tsx,16,31,p*/m* spacing (px/py/etc)(18); gap/space-*(5); rounded-*(4); Tailwind/CSS arbitrary [...](1); w-/h-*(3)
css,app/css/core/locked/planner/marketing-marketing-interactions.css,19,31,Npx(1); box-shadow(2); border-radius(1); padding(2); rem/em(3); box position/size(2); %(4); z-index(1); transition/animation(7); time (ms/s)(7); cubic-bezier(1)
css,app/css/core/locked/site/home-marketing-interactions.css,19,31,Npx(1); box-shadow(2); border-radius(1); padding(2); rem/em(3); box position/size(2); %(4); z-index(1); transition/animation(7); time (ms/s)(7); cubic-bezier(1)
tsx,components/home/CollaborationSection.tsx,10,31,p*/m* spacing (px/py/etc)(9); w-/h-*(5); Tailwind/CSS arbitrary [...](4); rem/em(1); %(2); style object key(1); Npx(1); vh/vw(2); tracking/leading(2); text-* size(1); font-weight(1); gap/space-*(1); transition(1)
tsx,features/planner/_archive/fabric/editor/templates/TemplatePickerModal.tsx,14,31,w-/h-*(2); Tailwind/CSS arbitrary [...](13); rem/em(3); Tailwind palette(2); rounded-*(1); transition(1); style object key(4); text-* size(2); gap/space-*(1); p*/m* spacing (px/py/etc)(2)
tsx,features/planner/open3d/editor/OOPlannerWorkspace.tsx,31,31,Tailwind/CSS arbitrary [...](31)
tsx,lib/ui/Tooltip.tsx,13,31,Tailwind/CSS arbitrary [...](4); style object key(6); p*/m* spacing (px/py/etc)(7); w-/h-*(3); rounded-*(3); shadow*(1); text-* size(2); inline style={{ }}(2); rem/em(1); font-weight(1); tracking/leading(1)
tsx,app/(site)/showrooms/page.tsx,15,30,Tailwind/CSS arbitrary [...](9); w-/h-*(2); rem/em(2); vh/vw(1); p*/m* spacing (px/py/etc)(9); gap/space-*(3); text-* size(3); font-weight(1)
css,app/css/core/locked/site/marketing-layout.css,28,30,rem/em(6); vh/vw(1); padding(2); box position/size(2); z-index(2); %(7); gap(5); border-radius(1); box-shadow(2); Npx(1); transition/animation(1)
tsx,tech-stack-generator/src/components/GeneratedDomainSection.tsx,15,30,Tailwind/CSS arbitrary [...](5); text-* size(5); gap/space-*(1); font-weight(4); p*/m* spacing (px/py/etc)(13); rounded-*(1); tracking/leading(1)
tsx,tests/unit/features/planner/open3d/workspaceShell.test.tsx,20,30,Tailwind/CSS arbitrary [...](11); style object key(16); hex color(3)
tsx,app/(site)/portfolio/page.tsx,13,29,Tailwind/CSS arbitrary [...](6); p*/m* spacing (px/py/etc)(5); gap/space-*(5); text-* size(2); w-/h-*(2); rem/em(1); style object key(2); Npx(2); vh/vw(4)
tsx,app/admin/themes/ThemeEditor.tsx,18,29,Tailwind/CSS arbitrary [...](6); w-/h-*(3); animate-*(1); shadow*(2); gap/space-*(4); font-weight(2); p*/m* spacing (px/py/etc)(7); text-* size(3); rem/em(1)
tsx,components/career/CareerPageView.tsx,18,29,p*/m* spacing (px/py/etc)(15); w-/h-*(5); gap/space-*(5); Tailwind/CSS arbitrary [...](1); rounded-*(3)
tsx,tech-stack-generator/src/pages/Testing.tsx,17,29,w-/h-*(1); p*/m* spacing (px/py/etc)(12); text-* size(6); font-weight(3); gap/space-*(3); Tailwind palette(3); tracking/leading(1)
tsx,components/home/HomeFAQ.tsx,12,28,Tailwind/CSS arbitrary [...](2); p*/m* spacing (px/py/etc)(7); gap/space-*(1); transition(3); Tailwind duration/delay(1); motion props(6); JS anim duration(2); style object key(6)
tsx,components/home/Teaser.tsx,14,28,p*/m* spacing (px/py/etc)(5); gap/space-*(4); w-/h-*(2); tracking/leading(2); Tailwind/CSS arbitrary [...](1); font-weight(1); transition(4); text-* size(1); %(1); rounded-*(1); Tailwind duration/delay(2); style object key(1); Npx(1); vh/vw(2)
tsx,features/planner/open3d/editor/PropertiesPanel.tsx,28,28,Tailwind/CSS arbitrary [...](23); style object key(5)
tsx,lib/ui/UndoToast.tsx,8,28,Tailwind/CSS arbitrary [...](11); transition(2); Tailwind duration/delay(1); %(2); gap/space-*(2); p*/m* spacing (px/py/etc)(2); rounded-*(1); shadow*(1); text-* size(4); rem/em(1); font-weight(1)
tsx,tech-stack-generator/src/components/Tooltip.tsx,9,28,Tailwind/CSS arbitrary [...](5); transition(2); motion props(4); style object key(3); JS anim duration(1); z-index(1); p*/m* spacing (px/py/etc)(5); text-* size(1); rounded-*(1); shadow*(1); rem/em(3); Npx(1)
tsx,app/(site)/social/page.tsx,15,27,gap/space-*(3); Tailwind/CSS arbitrary [...](1); w-/h-*(5); rounded-*(3); p*/m* spacing (px/py/etc)(8); style object key(2); Npx(2); vh/vw(3)
css,app/css/core/locked/planner/app-shell.css,25,27,%(7); gap(3); rem/em(1); box-shadow(3); z-index(2); Npx(5); padding(2); border-radius(1); transition/animation(1); time (ms/s)(1); cubic-bezier(1)
tsx,components/ProductGallery.tsx,11,27,Tailwind/CSS arbitrary [...](2); inline style={{ }}(3); rem/em(2); w-/h-*(4); rounded-*(1); transition(2); style object key(2); Npx(3); vh/vw(3); p*/m* spacing (px/py/etc)(4); Tailwind duration/delay(1)
tsx,features/planner/landing/PlannerHeroDemo.tsx,16,27,style object key(12); transition(5); JS anim duration(5); Tailwind/CSS arbitrary [...](4); motion props(1)
css,features/planner/open3d/editor/layers-panel.module.css,19,27,box position/size(6); %(3); gap(2); padding(4); Npx(2); font-size(3); rem/em(5); border-radius(2)
tsx,features/planner/ui/BottomSheet.tsx,9,27,Tailwind/CSS arbitrary [...](4); transition(2); Tailwind duration/delay(2); inline style={{ }}(2); style object key(2); w-/h-*(4); rounded-*(2); p*/m* spacing (px/py/etc)(4); shadow*(1); Tailwind palette(1); text-* size(1); font-weight(1); Npx(1)
tsx,tests/integration/planner-hooks-useAssetLoader.test.tsx,26,27,style object key(6); Tailwind/CSS arbitrary [...](21)
tsx,app/(site)/products/[category]/[product]/page.tsx,12,26,Tailwind/CSS arbitrary [...](11); animate-*(1); gap/space-*(1); w-/h-*(6); p*/m* spacing (px/py/etc)(1); style object key(3); rounded-*(3)
tsx,app/(site)/trusted-by/page.tsx,16,26,gap/space-*(5); Tailwind/CSS arbitrary [...](2); p*/m* spacing (px/py/etc)(13); w-/h-*(3); rounded-*(3)
tsx,components/products/CompareDock.tsx,10,26,Tailwind/CSS arbitrary [...](2); z-index(1); w-/h-*(9); %(1); rem/em(1); rounded-*(3); p*/m* spacing (px/py/etc)(3); shadow*(1); gap/space-*(4); text-* size(1)
tsx,components/shared/Newsletter.tsx,9,26,p*/m* spacing (px/py/etc)(7); shadow*(1); w-/h-*(7); rounded-*(1); transition(2); Tailwind duration/delay(1); z-index(1); gap/space-*(3); tracking/leading(1); text-* size(1); font-weight(1)
tsx,features/planner/landing/PlannerLandingPage.tsx,15,26,motion props(4); style object key(6); Npx(2); transition(2); JS anim duration(2); p*/m* spacing (px/py/etc)(4); gap/space-*(4); Tailwind/CSS arbitrary [...](1); w-/h-*(1)
tsx,tests/unit/features/planner/open3d/threeViewerInner.test.tsx,12,26,shadow*(3); style object key(13); inline style={{ }}(5); hex color(3); Tailwind/CSS arbitrary [...](1); Npx(1)
tsx,features/planner/_archive/fabric/editor/chrome/PlannerChromeWidget.tsx,24,25,style object key(7); Tailwind/CSS arbitrary [...](18)
tsx,features/planner/_archive/fabric/editor/PlannerWorkspaceContent.tsx,19,25,w-/h-*(3); Tailwind/CSS arbitrary [...](20); rounded-*(1); transition(1)
css,app/css/core/locked/site/legal-page.css,12,24,box position/size(5); %(1); font-size(2); padding(3); rem/em(10); letter-spacing(1); margin(1); Npx(1)
css,app/css/core/locked/site/shell-nav.css,14,24,font-size(5); rem/em(11); box position/size(1); border-radius(1); %(3); padding(1); Npx(1); letter-spacing(1)
tsx,features/planner/open3d/editor/WorkspaceShell.tsx,24,24,Tailwind/CSS arbitrary [...](20); style object key(3); %(1)
tsx,tech-stack-generator/src/components/CopyButton.tsx,11,24,Tailwind/CSS arbitrary [...](1); transition(3); rounded-*(1); p*/m* spacing (px/py/etc)(1); Tailwind palette(2); motion props(8); style object key(6); JS anim duration(2)
tsx,features/planner/_archive/fabric/canvas-fabric/components/ChairsLayoutDialog.tsx,22,23,Tailwind/CSS arbitrary [...](19); style object key(4)
tsx,features/planner/_archive/fabric/editor/inspector/PropertiesInspector.tsx,15,23,Tailwind/CSS arbitrary [...](4); text-* size(6); font-weight(2); gap/space-*(2); p*/m* spacing (px/py/etc)(6); w-/h-*(1); rem/em(1); tracking/leading(1)
tsx,features/planner/ai/AiAdvisorChat.tsx,6,23,w-/h-*(2); Tailwind/CSS arbitrary [...](4); rem/em(2); rounded-*(1); inline style={{ }}(1); style object key(3); p*/m* spacing (px/py/etc)(2); gap/space-*(1); text-* size(4); font-weight(1); tracking/leading(2)
tsx,features/planner/open3d/editor/InventoryPanel.tsx,23,23,Tailwind/CSS arbitrary [...](23)
tsx,features/planner/shared/components/SplitViewLayout.tsx,10,23,Tailwind/CSS arbitrary [...](5); w-/h-*(13); Npx(3); rem/em(1); Tailwind palette(1)
tsx,tech-stack-generator/src/components/TableOfContents.tsx,12,23,Tailwind/CSS arbitrary [...](7); %(2); w-/h-*(1); text-* size(2); font-weight(2); tracking/leading(1); p*/m* spacing (px/py/etc)(4); gap/space-*(1); inline style={{ }}(1); transition(1); rem/em(1)
tsx,app/(site)/access/page.tsx,13,22,w-/h-*(4); gap/space-*(1); text-* size(1); font-weight(1); transition(1); p*/m* spacing (px/py/etc)(5); z-index(2); %(6); rounded-*(1)
tsx,app/(site)/portal/svg-catalog/[slug]/page.tsx,10,22,Tailwind/CSS arbitrary [...](1); text-* size(3); gap/space-*(1); p*/m* spacing (px/py/etc)(8); rounded-*(2); style object key(2); Npx(2); vh/vw(1); inline style={{ }}(1); %(1)
tsx,features/planner/_archive/fabric/editor/PlannerMobileDock.tsx,8,22,Tailwind/CSS arbitrary [...](6); gap/space-*(3); p*/m* spacing (px/py/etc)(4); text-* size(2); rem/em(2); font-weight(2); tracking/leading(1); rounded-*(1); Npx(1)
tsx,features/shared/auth/components/SuspendedPage.tsx,6,22,p*/m* spacing (px/py/etc)(6); w-/h-*(2); rounded-*(2); Tailwind palette(4); text-* size(1); font-weight(1); tracking/leading(1); gap/space-*(1); Tailwind/CSS arbitrary [...](2); style object key(2)
tsx,app/(site)/news/page.tsx,14,21,gap/space-*(4); Tailwind/CSS arbitrary [...](2); p*/m* spacing (px/py/etc)(9); w-/h-*(3); rounded-*(3)
tsx,features/planner/_archive/fabric/editor/PlannerStepBar.tsx,10,21,w-/h-*(2); Tailwind/CSS arbitrary [...](12); rem/em(2); Tailwind palette(2); rounded-*(1); transition(1); inline style={{ }}(1)
tsx,features/planner/admin/AdminFormFields.tsx,6,21,gap/space-*(2); rounded-*(2); p*/m* spacing (px/py/etc)(2); text-* size(5); font-weight(1); tracking/leading(1); w-/h-*(4); Tailwind/CSS arbitrary [...](2); rem/em(2)
tsx,features/planner/open3d/editor/PanelContainer.tsx,17,21,style object key(10); Tailwind/CSS arbitrary [...](9); %(2)
tsx,features/planner/shared/components/ViewToggle.tsx,7,21,w-/h-*(3); Tailwind/CSS arbitrary [...](5); style object key(3); gap/space-*(2); p*/m* spacing (px/py/etc)(2); text-* size(2); font-weight(2); transition(2)
tsx,features/planner/ui/MobileDrawerSheet.tsx,8,21,Tailwind/CSS arbitrary [...](3); style object key(4); inline style={{ }}(2); rounded-*(2); rem/em(1); shadow*(1); p*/m* spacing (px/py/etc)(4); w-/h-*(2); font-weight(1); tracking/leading(1)
tsx,features/planner/landing/PlannerFloorplanHero.tsx,12,20,transition(4); style object key(9); %(1); shadow*(2); motion props(3); JS anim duration(1)
tsx,features/shared/components/RestrictedActionButton.tsx,3,20,gap/space-*(1); w-/h-*(2); z-index(1); rounded-*(1); Tailwind/CSS arbitrary [...](9); p*/m* spacing (px/py/etc)(2); text-* size(2); animate-*(2)
tsx,tech-stack-generator/src/components/CodeBlock.tsx,11,20,Tailwind/CSS arbitrary [...](2); rounded-*(4); p*/m* spacing (px/py/etc)(6); text-* size(2); gap/space-*(1); tracking/leading(1); transition(3); z-index(1)
tsx,app/(site)/planning/page.tsx,11,19,p*/m* spacing (px/py/etc)(11); gap/space-*(4); rounded-*(3); Tailwind/CSS arbitrary [...](1)
tsx,app/(site)/portal/svg-catalog/SvgCatalogGrid.tsx,11,19,Tailwind/CSS arbitrary [...](5); gap/space-*(1); rounded-*(1); p*/m* spacing (px/py/etc)(3); style object key(2); Npx(3); vh/vw(2); text-* size(2)
tsx,app/(site)/refund-and-return-policy/page.tsx,11,19,gap/space-*(5); Tailwind/CSS arbitrary [...](1); rounded-*(3); p*/m* spacing (px/py/etc)(10)
tsx,components/ui/Button.tsx,5,19,rounded-*(2); p*/m* spacing (px/py/etc)(5); text-* size(4); font-weight(1); transition(1); w-/h-*(4); Tailwind/CSS arbitrary [...](2)
tsx,components/ui/Modal.tsx,8,19,Tailwind/CSS arbitrary [...](6); animate-*(1); rounded-*(2); p*/m* spacing (px/py/etc)(4); shadow*(1); w-/h-*(3); vh/vw(1); transition(1)
tsx,features/planner/_archive/fabric/editor/PlannerErrorBoundary.tsx,6,19,w-/h-*(1); Tailwind/CSS arbitrary [...](3); rem/em(3); p*/m* spacing (px/py/etc)(8); rounded-*(1); font-weight(1); tracking/leading(1); text-* size(1)
tsx,features/planner/_archive/fabric/editor/PlannerLeftPanel.tsx,10,19,w-/h-*(2); Tailwind/CSS arbitrary [...](11); rem/em(2); Tailwind palette(2); rounded-*(1); transition(1)
tsx,features/planner/admin/svg-editor/AdminSvgEditorListView.tsx,13,19,Tailwind/CSS arbitrary [...](11); gap/space-*(2); p*/m* spacing (px/py/etc)(4); text-* size(2)
tsx,features/planner/admin/svg-editor/puckBlockRegistry.tsx,19,19,Tailwind/CSS arbitrary [...](19)
tsx,features/planner/editor/PlannerErrorBoundary.tsx,6,19,w-/h-*(1); Tailwind/CSS arbitrary [...](3); rem/em(3); p*/m* spacing (px/py/etc)(8); rounded-*(1); font-weight(1); tracking/leading(1); text-* size(1)
css,features/planner/open3d/3d/threeViewerInner.module.css,13,19,box position/size(6); %(5); Npx(1); border-radius(1); padding(1); gap(1); margin(2); font-size(2)
tsx,tech-stack-generator/src/App.tsx,7,19,Tailwind/CSS arbitrary [...](2); w-/h-*(2); p*/m* spacing (px/py/etc)(5); rem/em(1); motion props(4); style object key(3); transition(1); JS anim duration(1)
tsx,app/(site)/products/[category]/CategoryPageView.tsx,6,18,p*/m* spacing (px/py/etc)(5); gap/space-*(3); Tailwind/CSS arbitrary [...](4); Npx(2); animate-*(1); rounded-*(1); text-* size(1); font-weight(1)
css,app/css/core/locked/planner/workspace-commands.css,17,18,gap(3); padding(3); box position/size(5); Npx(2); border-radius(2); box-shadow(1); %(1); font-size(1)
tsx,tech-stack-generator/src/components/BackToTop.tsx,7,18,Tailwind/CSS arbitrary [...](1); style object key(4); motion props(4); transition(2); JS anim duration(1); z-index(1); p*/m* spacing (px/py/etc)(1); rounded-*(1); shadow*(3)
tsx,app/(site)/gallery/page.tsx,9,17,p*/m* spacing (px/py/etc)(9); w-/h-*(2); rounded-*(1); rem/em(1); transition(1); Tailwind duration/delay(1); Tailwind/CSS arbitrary [...](1); text-* size(1)
tsx,app/(site)/terms/page.tsx,11,17,gap/space-*(3); Tailwind/CSS arbitrary [...](1); rounded-*(3); p*/m* spacing (px/py/etc)(10)
css,app/css/core/locked/site/shell-footer.css,14,17,@keyframes(1); %(5); transition/animation(4); box position/size(2); gap(2); rem/em(2); time (ms/s)(1)
tsx,components/contact/CustomerQueryForm.tsx,17,17,Tailwind/CSS arbitrary [...](9); gap/space-*(4); font-weight(3); text-* size(1)
tsx,features/shared/auth/components/LoginPage.tsx,9,17,Tailwind/CSS arbitrary [...](6); gap/space-*(1); p*/m* spacing (px/py/etc)(1); animate-*(2); Tailwind palette(1); transition(1); font-weight(1); text-* size(2); style object key(2)
tsx,components/site/FooterLogoMarquee.tsx,6,16,Tailwind/CSS arbitrary [...](3); p*/m* spacing (px/py/etc)(2); inline style={{ }}(1); animate-*(2); w-/h-*(6); transition(1); Tailwind duration/delay(1)
tsx,features/planner/catalog/CatalogBlockPreview.tsx,10,16,style object key(6); Tailwind/CSS arbitrary [...](5); rounded-*(1); shadow*(1); inline style={{ }}(2); %(1)
tsx,features/planner/catalog/CatalogPanel.tsx,16,16,Tailwind/CSS arbitrary [...](16)
tsx,features/planner/shared/components/WorkspaceShell.tsx,6,16,Tailwind palette(2); w-/h-*(5); inline style={{ }}(4); style object key(4); transition(1)
tsx,tests/unit/components/site/CookieConsentBar.test.tsx,15,16,Tailwind/CSS arbitrary [...](16)
tsx,app/(site)/imprint/page.tsx,8,15,gap/space-*(4); Tailwind/CSS arbitrary [...](1); rounded-*(2); p*/m* spacing (px/py/etc)(8)
tsx,app/(site)/tracking/page.tsx,9,15,gap/space-*(3); Tailwind/CSS arbitrary [...](1); w-/h-*(1); rounded-*(2); p*/m* spacing (px/py/etc)(8)
css,app/css/core/locked/planner/workspace-responsive.css,12,15,rem/em(3); box position/size(8); %(3); padding(1)
tsx,components/home/ClientQuote.tsx,8,15,p*/m* spacing (px/py/etc)(7); w-/h-*(3); gap/space-*(1); Tailwind/CSS arbitrary [...](1); rem/em(1); text-* size(1); font-weight(1)
tsx,components/products/CompareColumnActions.tsx,4,15,p*/m* spacing (px/py/etc)(3); gap/space-*(2); w-/h-*(4); rounded-*(2); text-* size(2); font-weight(2)
tsx,components/shared/ContactTeaser.tsx,12,15,Tailwind/CSS arbitrary [...](8); p*/m* spacing (px/py/etc)(2); gap/space-*(4); rem/em(1)
tsx,components/site/Footer.tsx,12,15,rounded-*(1); transition(1); p*/m* spacing (px/py/etc)(7); gap/space-*(4); w-/h-*(1); Tailwind/CSS arbitrary [...](1)
tsx,components/ThreeViewer.tsx,9,15,w-/h-*(2); Tailwind/CSS arbitrary [...](6); rem/em(1); p*/m* spacing (px/py/etc)(2); rounded-*(1); text-* size(2); font-weight(1)
tsx,features/planner/ai/AIAssistDrawer.tsx,15,15,Tailwind/CSS arbitrary [...](15)
tsx,features/planner/ui/Tooltip.tsx,4,15,animate-*(1); rounded-*(2); p*/m* spacing (px/py/etc)(4); text-* size(2); inline style={{ }}(1); style object key(1); gap/space-*(1); Tailwind/CSS arbitrary [...](1); rem/em(1); tracking/leading(1)
tsx,tech-stack-generator/src/components/SearchResults.tsx,6,15,p*/m* spacing (px/py/etc)(5); rounded-*(2); shadow*(1); z-index(1); gap/space-*(2); transition(1); text-* size(2); font-weight(1)
tsx,tests/unit/components/shared/SectionReveal.test.tsx,11,15,transition(13); Tailwind/CSS arbitrary [...](2)
tsx,components/contact/ContactPageView.tsx,8,14,p*/m* spacing (px/py/etc)(7); font-weight(1); transition(1); gap/space-*(3); rounded-*(2)
tsx,components/home/HomeTrustStrip.tsx,7,14,Tailwind/CSS arbitrary [...](2); p*/m* spacing (px/py/etc)(1); gap/space-*(2); animate-*(2); inline style={{ }}(1); w-/h-*(6)
tsx,features/planner/shared/components/Catalog.tsx,9,14,gap/space-*(2); p*/m* spacing (px/py/etc)(4); rounded-*(1); transition(2); shadow*(1); text-* size(3); font-weight(1)
tsx,features/planner/ui/PlannerSaveIndicator.tsx,4,14,w-/h-*(4); Tailwind/CSS arbitrary [...](2); rem/em(2); Tailwind palette(1); rounded-*(1); transition(1); animate-*(1); gap/space-*(2)
tsx,tech-stack-generator/src/components/Breadcrumbs.tsx,6,14,Tailwind/CSS arbitrary [...](1); gap/space-*(1); text-* size(1); Tailwind palette(3); p*/m* spacing (px/py/etc)(2); transition(1); w-/h-*(4); font-weight(1)
tsx,tech-stack-generator/src/components/GeneratedStatusCard.tsx,7,13,Tailwind palette(5); gap/space-*(1); text-* size(3); font-weight(1); p*/m* spacing (px/py/etc)(2); tracking/leading(1)
tsx,tech-stack-generator/src/components/MermaidDiagram.tsx,6,13,Tailwind/CSS arbitrary [...](3); text-* size(2); font-weight(1); p*/m* spacing (px/py/etc)(3); rounded-*(2); Tailwind palette(2)
tsx,tests/unit/app-site-portfolio-page.test.tsx,10,13,Tailwind/CSS arbitrary [...](13)
tsx,tests/unit/app/(site)/portfolio/page.test.tsx,10,13,Tailwind/CSS arbitrary [...](13)
css,app/css/core/locked/planner/workspace-route-host.css,9,12,box position/size(5); padding(1); margin(2); font-size(2); line-height(2)
css,app/css/core/locked/site/error-page.css,6,12,box position/size(4); vh/vw(1); rem/em(4); margin(2); font-size(1)
tsx,features/planner/_archive/fabric/editor/PlannerSubTopBar.tsx,3,12,w-/h-*(2); Tailwind/CSS arbitrary [...](3); rem/em(2); Tailwind palette(2); rounded-*(1); transition(1); gap/space-*(1)
tsx,features/planner/admin/AdminLayoutShell.tsx,9,12,Tailwind/CSS arbitrary [...](10); w-/h-*(2)
tsx,features/planner/open3d/3d/ThreeViewerInner.tsx,12,12,hex color(1); Tailwind/CSS arbitrary [...](6); shadow*(4); style object key(1)
tsx,tests/unit/app/(site)/portal/svg-catalog/page.test.tsx,12,12,Tailwind/CSS arbitrary [...](12)
tsx,tests/unit/app/(site)/products/[category]/FilterGridInner.test.tsx,12,12,Tailwind/CSS arbitrary [...](12)
tsx,tests/unit/features/planner/open3d/open3dFeasibilityCanvas.test.tsx,4,12,style object key(10); Tailwind/CSS arbitrary [...](2)
tsx,tests/unit/features/planner/open3d/plannerCommandWiring.test.tsx,11,12,Tailwind/CSS arbitrary [...](9); style object key(2); hex color(1)
tsx,components/home/Projects.tsx,6,11,p*/m* spacing (px/py/etc)(1); w-/h-*(1); Tailwind/CSS arbitrary [...](2); style object key(1); Npx(1); vh/vw(2); transition(1); Tailwind duration/delay(1); gap/space-*(1)
tsx,components/site/LanguageSwitcher.tsx,6,11,Tailwind/CSS arbitrary [...](4); gap/space-*(1); p*/m* spacing (px/py/etc)(3); w-/h-*(1); rounded-*(1); text-* size(1)
tsx,features/planner/_archive/fabric/editor/PlannerToolRail.tsx,2,11,w-/h-*(2); Tailwind/CSS arbitrary [...](2); rem/em(3); Tailwind palette(2); rounded-*(1); transition(1)
tsx,tests/unit/app/(site)/products/[category]/FilterGrid.components.test.tsx,11,11,Tailwind/CSS arbitrary [...](11)
tsx,tests/unit/features/planner/hooks/useAssetLoader.test.tsx,10,11,style object key(1); hex color(1); Tailwind/CSS arbitrary [...](9)
css,app/css/core/locked/planner/workspace-diagnostics.css,9,10,gap(2); padding(1); font-size(1); line-height(1); box position/size(3); margin(1); Npx(1)
tsx,components/shared/Reveal.tsx,8,10,%(2); style object key(3); Npx(1); Tailwind/CSS arbitrary [...](1); inline style={{ }}(1); transition(1); motion props(1)
tsx,components/support/SupportIvrPageView.tsx,5,10,p*/m* spacing (px/py/etc)(7); w-/h-*(1); rounded-*(2)
tsx,components/ui/CookieConsent.tsx,5,10,Tailwind/CSS arbitrary [...](1); p*/m* spacing (px/py/etc)(2); z-index(1); gap/space-*(2); shadow*(1); text-* size(1); font-weight(1); w-/h-*(1)
tsx,features/crm/CrmDemoBanner.tsx,3,10,p*/m* spacing (px/py/etc)(4); rounded-*(1); Tailwind palette(3); text-* size(1); font-weight(1)
tsx,features/planner/_archive/fabric/editor/chrome/widgets/AccessChrome.tsx,1,10,w-/h-*(2); Tailwind/CSS arbitrary [...](2); rem/em(2); Tailwind palette(2); rounded-*(1); transition(1)
tsx,features/planner/landing/PlannerSuite.tsx,6,10,gap/space-*(4); w-/h-*(1); p*/m* spacing (px/py/etc)(5)
tsx,tech-stack-generator/src/components/CollapsibleSection.tsx,7,10,Tailwind/CSS arbitrary [...](1); rounded-*(1); p*/m* spacing (px/py/etc)(3); transition(2); gap/space-*(1); font-weight(1); Tailwind duration/delay(1)
tsx,tests/integration/site-assistant-UnifiedAssistant.test.tsx,10,10,Tailwind/CSS arbitrary [...](10)
tsx,app/(site)/not-found.tsx,6,9,w-/h-*(1); Tailwind/CSS arbitrary [...](1); vh/vw(1); p*/m* spacing (px/py/etc)(4); gap/space-*(2)
css,app/css/core/locked/site/workspace-hub.css,9,9,%(6); box-shadow(2); Npx(1)
tsx,components/career/JobCard.tsx,4,9,rounded-*(1); p*/m* spacing (px/py/etc)(4); transition(2); Tailwind duration/delay(1); shadow*(1)
tsx,components/shared/RouteActionCard.tsx,5,9,rounded-*(1); p*/m* spacing (px/py/etc)(5); w-/h-*(1); gap/space-*(1); Tailwind/CSS arbitrary [...](1)
tsx,components/ui/Input.tsx,1,9,w-/h-*(1); rounded-*(1); Tailwind/CSS arbitrary [...](2); p*/m* spacing (px/py/etc)(2); text-* size(2); font-weight(1)
tsx,features/planner/_archive/fabric/canvas-fabric/FabricLibraryPanel.tsx,9,9,Tailwind/CSS arbitrary [...](9)
tsx,features/planner/admin/AdminCatalogTable.tsx,5,9,gap/space-*(1); animate-*(1); p*/m* spacing (px/py/etc)(6); text-* size(1)
tsx,features/planner/ui/PlannerTooltip.tsx,1,9,w-/h-*(2); Tailwind/CSS arbitrary [...](2); rem/em(2); Tailwind palette(1); rounded-*(1); transition(1)
tsx,features/shared/components/GuestBadge.tsx,1,9,rounded-*(1); Tailwind/CSS arbitrary [...](3); p*/m* spacing (px/py/etc)(2); text-* size(2); font-weight(1)
tsx,tech-stack-generator/src/components/ReadingProgress.tsx,4,9,Tailwind/CSS arbitrary [...](2); w-/h-*(1); p*/m* spacing (px/py/etc)(1); transition(1); Tailwind duration/delay(1); inline style={{ }}(1); style object key(2)
tsx,tests/unit/components/home/HomeFAQ.test.tsx,5,9,transition(4); style object key(4); Tailwind/CSS arbitrary [...](1)
tsx,tests/unit/components/site/Header.test.tsx,5,9,Tailwind/CSS arbitrary [...](4); shadow*(5)
tsx,app/(site)/loading.tsx,3,8,w-/h-*(3); Tailwind/CSS arbitrary [...](1); vh/vw(1); gap/space-*(1); animate-*(1); rounded-*(1)
tsx,app/(site)/templates/page.tsx,4,8,w-/h-*(1); rounded-*(1); p*/m* spacing (px/py/etc)(5); gap/space-*(1)
css,app/css/core/locked/planner/planner-tokens.css,4,8,box position/size(4); Npx(4)
tsx,components/shared/SectionReveal.tsx,6,8,motion props(1); style object key(3); Npx(1); transition(1); JS anim duration(2)
tsx,features/planner/_archive/fabric/canvas-fabric/RoomPresetsModal.tsx,6,8,Tailwind/CSS arbitrary [...](8)
tsx,features/planner/_archive/fabric/editor/LayerVisibilityPanel.tsx,8,8,Tailwind/CSS arbitrary [...](8)
tsx,features/planner/catalog/CatalogDropGhost.tsx,8,8,style object key(6); inline style={{ }}(2)
tsx,features/planner/open3d/editor/CommandPalette.tsx,8,8,Tailwind/CSS arbitrary [...](8)
tsx,features/planner/open3d/editor/TopBar.tsx,8,8,Tailwind/CSS arbitrary [...](8)
tsx,lib/theme/ThemeProvider.tsx,8,8,Tailwind/CSS arbitrary [...](8)
tsx,tests/integration/planner-catalog-components.test.tsx,8,8,Tailwind/CSS arbitrary [...](5); rounded-*(1); Npx(2)
tsx,tests/unit/app/(site)/solutions/page.test.tsx,8,8,Tailwind/CSS arbitrary [...](8)
tsx,tests/unit/components/ui/HotspotImage.test.tsx,2,8,style object key(4); %(4)
css,app/css/core/locked/planner/workspace-accessibility.css,4,7,box position/size(2); Npx(3); padding(1); margin(1)
tsx,components/shared/RouteCtaBand.tsx,6,7,gap/space-*(2); Tailwind/CSS arbitrary [...](2); w-/h-*(1); p*/m* spacing (px/py/etc)(2)
tsx,features/planner/_archive/fabric/editor/plannerWorkspaceFabricBridge.tsx,7,7,Tailwind/CSS arbitrary [...](6); w-/h-*(1)
tsx,features/planner/ai/AiAdvisorChatPane.tsx,7,7,Tailwind/CSS arbitrary [...](7)
tsx,features/planner/landing/PlannerLayoutGraphic.tsx,5,7,rounded-*(1); p*/m* spacing (px/py/etc)(1); w-/h-*(2); Tailwind duration/delay(1); Tailwind/CSS arbitrary [...](1); inline style={{ }}(1)
tsx,tech-stack-generator/tests/generated-tables.test.tsx,7,7,Tailwind/CSS arbitrary [...](7)
tsx,tests/integration/ops-CustomerQueriesOpsPageView.test.tsx,6,7,Tailwind/CSS arbitrary [...](7)
tsx,tests/integration/pwa-ServiceWorkerRegister.test.tsx,7,7,Tailwind/CSS arbitrary [...](7)
tsx,tests/unit/app/(site)/products/[category]/[product]/ProductViewer.test.tsx,6,7,Tailwind/CSS arbitrary [...](7)
tsx,tests/unit/features/planner/open3d/open3dIconPolicy.test.tsx,7,7,Tailwind/CSS arbitrary [...](7)
css,app/css/core/locked/planner/workspace-OOPlannerWorkspace.css,5,6,box position/size(2); padding(1); margin(1); font-size(1); line-height(1)
tsx,components/home/PartnershipBanner.tsx,3,6,style object key(1); Npx(1); rem/em(2); Tailwind/CSS arbitrary [...](2)
tsx,components/site/MaintenanceBanner.tsx,1,6,p*/m* spacing (px/py/etc)(2); text-* size(1); font-weight(1); Tailwind palette(2)
tsx,components/ui/Logo.tsx,3,6,Tailwind/CSS arbitrary [...](2); style object key(1); Npx(1); rem/em(2)
tsx,features/planner/_archive/fabric/editor/LayerManagerPanel.tsx,5,6,Tailwind/CSS arbitrary [...](3); text-* size(1); p*/m* spacing (px/py/etc)(1); gap/space-*(1)
tsx,features/planner/admin/svg-editor/AdminSvgEditorEditView.tsx,6,6,Tailwind/CSS arbitrary [...](6)
tsx,features/planner/ai/LayoutPreviewSvg.tsx,6,6,style object key(2); Tailwind/CSS arbitrary [...](2); %(2)
tsx,features/planner/catalog/renderBlockPrims.tsx,4,6,style object key(2); Tailwind/CSS arbitrary [...](3); inline style={{ }}(1)
tsx,tech-stack-generator/src/components/LiveRepoSection.tsx,3,6,p*/m* spacing (px/py/etc)(3); text-* size(2); font-weight(1)
tsx,tests/integration/planner-editor-PlannerTopBar.test.tsx,6,6,Tailwind/CSS arbitrary [...](6)
tsx,tests/unit/app/(site)/products/[category]/[product]/page.test.tsx,4,6,Tailwind/CSS arbitrary [...](5); p*/m* spacing (px/py/etc)(1)
tsx,tests/unit/components/site/FooterLogoMarquee.test.tsx,6,6,Tailwind/CSS arbitrary [...](6)
tsx,tests/unit/components/site/LanguageSwitcher.test.tsx,6,6,Tailwind/CSS arbitrary [...](6)
tsx,tests/unit/features/planner/canvas-fabric/RoomPresetsModal.test.tsx,4,6,style object key(6)
tsx,tests/unit/lib/theme/ThemeProvider.test.tsx,6,6,hex color(6)
tsx,app/(site)/layout.tsx,1,5,z-index(1); p*/m* spacing (px/py/etc)(2); text-* size(1); font-weight(1)
tsx,app/admin/layout.tsx,1,5,Tailwind/CSS arbitrary [...](1); p*/m* spacing (px/py/etc)(2); text-* size(1); font-weight(1)
tsx,app/planner/(marketing)/features/[slug]/page.tsx,5,5,Tailwind/CSS arbitrary [...](5)
tsx,app/planner/layout.tsx,1,5,z-index(1); p*/m* spacing (px/py/etc)(2); text-* size(1); font-weight(1)
tsx,components/home/BrandStatement.tsx,3,5,p*/m* spacing (px/py/etc)(3); w-/h-*(2)
tsx,features/planner/_archive/fabric/canvas-fabric/FloorplanCanvas.tsx,5,5,Tailwind/CSS arbitrary [...](5)
tsx,features/planner/shared/components/editor/Toolbar.tsx,5,5,Tailwind/CSS arbitrary [...](4); w-/h-*(1)
tsx,tests/integration/planner-editor-ExportModal.test.tsx,1,5,Tailwind/CSS arbitrary [...](1); style object key(4)
tsx,tests/integration/planner-editor-LayerManagerPanel.test.tsx,3,5,style object key(4); Tailwind/CSS arbitrary [...](1)
tsx,tests/unit/app/(site)/portal/svg-catalog/[slug]/page.test.tsx,5,5,Tailwind/CSS arbitrary [...](5)
tsx,tests/unit/app/planner/(marketing)/features/[slug]/page.test.tsx,5,5,Tailwind/CSS arbitrary [...](5)
tsx,tests/unit/components/home/HomepageHero.test.tsx,5,5,Tailwind/CSS arbitrary [...](5)
tsx,tests/unit/components/SafeImage.test.tsx,5,5,Npx(4); rem/em(1)
tsx,tests/unit/features/planner/canvas-fabric/FabricLibraryPanel.test.tsx,5,5,Tailwind/CSS arbitrary [...](5)
tsx,app/admin/svg-editor/[id]/page.tsx,3,4,style object key(2); Tailwind/CSS arbitrary [...](2)
tsx,app/planner/(marketing)/help/page.tsx,3,4,Tailwind/CSS arbitrary [...](4)
tsx,components/home/CategoryImage.tsx,2,4,Tailwind/CSS arbitrary [...](1); p*/m* spacing (px/py/etc)(1); transition(1); Tailwind duration/delay(1)
tsx,components/home/WhyChooseUs.tsx,2,4,p*/m* spacing (px/py/etc)(1); w-/h-*(1); gap/space-*(2)
tsx,components/ui/Masonry.tsx,4,4,rem/em(1); inline style={{ }}(2); p*/m* spacing (px/py/etc)(1)
tsx,features/admin/ui/AdminShell.tsx,2,4,w-/h-*(4)
tsx,features/planner/_archive/fabric/canvas-fabric/components/PreviewFurniture.tsx,3,4,style object key(2); Tailwind/CSS arbitrary [...](2)
tsx,features/planner/_archive/fabric/canvas-fabric/FabricCanvasContextMenu.tsx,2,4,Tailwind/CSS arbitrary [...](1); inline style={{ }}(1); style object key(2)
tsx,features/planner/_archive/fabric/canvas-fabric/FabricCanvasSubToolbar.tsx,4,4,Tailwind/CSS arbitrary [...](4)
tsx,features/planner/_archive/fabric/canvas-fabric/FabricCanvasWorkspace.tsx,2,4,Tailwind/CSS arbitrary [...](1); inline style={{ }}(1); style object key(1); %(1)
tsx,features/planner/_archive/fabric/canvas-fabric/FabricDrawToolsBar.tsx,3,4,hex color(1); Tailwind/CSS arbitrary [...](1); inline style={{ }}(1); style object key(1)
tsx,features/planner/_archive/fabric/editor/PlannerCanvasStage.tsx,4,4,Tailwind/CSS arbitrary [...](2); inline style={{ }}(1); w-/h-*(1)
tsx,features/planner/landing/PlannerBreadcrumbs.tsx,4,4,p*/m* spacing (px/py/etc)(1); gap/space-*(2); transition(1)
tsx,features/planner/onboarding/ProjectSetupGate.tsx,4,4,Tailwind/CSS arbitrary [...](4)
tsx,features/planner/open3d/3d/ThreeLazyViewer.tsx,3,4,shadow*(1); hex color(1); inline style={{ }}(1); style object key(1)
tsx,features/planner/open3d/editor/CanvasToolRail.tsx,4,4,Tailwind/CSS arbitrary [...](4)
tsx,features/shared/auth/components/ResendVerificationButton.tsx,4,4,Tailwind/CSS arbitrary [...](2); text-* size(1); animate-*(1)
tsx,tech-stack-generator/tests/techstack-branches.test.tsx,3,4,style object key(2); Tailwind palette(1); Tailwind/CSS arbitrary [...](1)
tsx,tests/integration/planner-editor-LayerVisibilityPanel.test.tsx,2,4,style object key(4)
tsx,tests/unit/app-site-products-category-CategoryPageView.test.tsx,4,4,Tailwind/CSS arbitrary [...](4)
tsx,tests/unit/app/(site)/products/[category]/CategoryPageView.test.tsx,4,4,Tailwind/CSS arbitrary [...](4)
tsx,tests/unit/app/(site)/products/[category]/page.test.tsx,4,4,Tailwind/CSS arbitrary [...](4)
tsx,tests/unit/app/admin/svg-editor/[id]/page.test.tsx,4,4,Tailwind/CSS arbitrary [...](4)
tsx,tests/unit/components/contact/ContactPageView.test.tsx,4,4,Tailwind/CSS arbitrary [...](4)
tsx,tests/unit/components/home/CategoryGrid.test.tsx,4,4,Tailwind/CSS arbitrary [...](4)
tsx,tests/unit/components/ui/WhatsAppCTA.test.tsx,2,4,transition(2); style object key(2)
tsx,tests/unit/features/planner/3d/Planner3DViewer.test.tsx,4,4,Tailwind/CSS arbitrary [...](3); shadow*(1)
tsx,tests/unit/features/planner/admin/AdminFormFields.test.tsx,2,4,w-/h-*(1); Tailwind/CSS arbitrary [...](1); rem/em(1); text-* size(1)
tsx,tests/unit/features/planner/ai/LayoutPreviewSvg.test.tsx,2,4,rgb/rgba(4)
tsx,tests/unit/features/planner/canvas-fabric/FabricCanvasContextMenu.test.tsx,4,4,Tailwind/CSS arbitrary [...](2); Npx(2)
tsx,tests/unit/features/planner/hooks/usePlannerFabricAutosave.test.tsx,4,4,Tailwind/CSS arbitrary [...](4)
tsx,tests/unit/lib/hooks/useScrollAnimation.test.tsx,4,4,style object key(2); JS anim duration(1); %(1)
tsx,app/(site)/solutions/[category]/page.tsx,3,3,Tailwind/CSS arbitrary [...](1); p*/m* spacing (px/py/etc)(1); gap/space-*(1)
tsx,components/home/HomeClosingCta.tsx,1,3,p*/m* spacing (px/py/etc)(3)
tsx,components/SafeImage.tsx,3,3,Tailwind/CSS arbitrary [...](1); rem/em(1); vh/vw(1)
tsx,components/shared/SectionIntro.tsx,3,3,w-/h-*(1); p*/m* spacing (px/py/etc)(2)
tsx,components/ui/Label.tsx,1,3,text-* size(1); font-weight(1); tracking/leading(1)
tsx,features/planner/_archive/fabric/editor/PlannerHistoryControls.tsx,2,3,gap/space-*(1); inline style={{ }}(1); style object key(1)
tsx,features/planner/_archive/fabric/editor/PlannerWorkflowPanel.tsx,3,3,Tailwind/CSS arbitrary [...](3)
tsx,features/planner/catalog/CatalogDropFlash.tsx,1,3,inline style={{ }}(1); style object key(2)
tsx,features/planner/components/WorkspaceThemeProvider.tsx,3,3,Tailwind/CSS arbitrary [...](3)
tsx,tech-stack-generator/tests/generated-domain-section.test.tsx,3,3,Tailwind/CSS arbitrary [...](3)
tsx,tests/integration/planner-3d-Viewer.test.tsx,2,3,Tailwind/CSS arbitrary [...](3)
tsx,tests/integration/planner-canvas-fabric-RoomPresetsModal.test.tsx,3,3,Tailwind/CSS arbitrary [...](3)
tsx,tests/integration/planner-editor-PlannerWorkspace.test.tsx,3,3,Tailwind/CSS arbitrary [...](3)
tsx,tests/integration/planner-editor-PropertiesInspector.test.tsx,1,3,Tailwind/CSS arbitrary [...](1); style object key(2)
tsx,tests/unit/app/(site)/news/page.test.tsx,3,3,Tailwind/CSS arbitrary [...](3)
tsx,tests/unit/app/(site)/providers/LenisProvider.test.tsx,3,3,JS anim duration(1); Tailwind/CSS arbitrary [...](2)
tsx,tests/unit/components/home/Hero.test.tsx,1,3,w-/h-*(1); Tailwind/CSS arbitrary [...](1); vh/vw(1)
tsx,tests/unit/components/home/ProcessSection.test.tsx,2,3,transition(1); style object key(1); Tailwind/CSS arbitrary [...](1)
tsx,tests/unit/components/ui/Masonry.test.tsx,3,3,rem/em(3)
tsx,tests/unit/features/crm/ProjectDetailView.test.tsx,3,3,Tailwind/CSS arbitrary [...](3)
tsx,tests/unit/features/crm/ProjectsView.test.tsx,3,3,Tailwind/CSS arbitrary [...](3)
tsx,tests/unit/features/planner/admin/AdminCatalogManager.test.tsx,3,3,Tailwind/CSS arbitrary [...](3)
tsx,tests/unit/features/planner/canvas-fabric/components/ZoomControl.test.tsx,3,3,%(3)
tsx,tests/unit/features/planner/canvas-fabric/FabricCanvasSubToolbar.test.tsx,3,3,Tailwind/CSS arbitrary [...](3)
tsx,tests/unit/lib/hooks/useRecommendations.test.tsx,3,3,Tailwind/CSS arbitrary [...](3)
tsx,app/(site)/brochure/page.tsx,1,2,text-* size(1); font-weight(1)
tsx,app/(site)/catalog/page.tsx,1,2,text-* size(1); font-weight(1)
tsx,app/(site)/download-brochure/page.tsx,1,2,text-* size(1); font-weight(1)
tsx,app/(site)/error.tsx,2,2,Tailwind/CSS arbitrary [...](2)
tsx,app/(site)/products/[category]/FilterGrid.tsx,1,2,w-/h-*(1); text-* size(1)
tsx,app/(site)/products/error.tsx,2,2,Tailwind/CSS arbitrary [...](2)
tsx,app/(site)/twitter-image.tsx,1,2,style object key(2)
tsx,app/planner/(marketing)/features/page.tsx,2,2,Tailwind/CSS arbitrary [...](2)
tsx,components/home/KpiCounter.tsx,2,2,Tailwind/CSS arbitrary [...](2)
tsx,components/home/layout/HomeCatalogLayout.tsx,1,2,p*/m* spacing (px/py/etc)(2)
tsx,components/home/TrustStrip.tsx,2,2,gap/space-*(1); p*/m* spacing (px/py/etc)(1)
tsx,features/admin/ui/AdminDashboard.tsx,1,2,w-/h-*(2)
tsx,features/planner/components/PlannerBodyTheme.tsx,2,2,Tailwind/CSS arbitrary [...](2)
tsx,features/planner/open3d/editor/LayersPanel.tsx,2,2,Tailwind/CSS arbitrary [...](2)
tsx,features/shared/entry/OpenAssistantButton.tsx,1,2,w-/h-*(2)
tsx,tests/integration/planner-editor-TemplatePickerModal.test.tsx,2,2,Tailwind/CSS arbitrary [...](2)
tsx,tests/integration/planner-shared-plannerShared.test.tsx,2,2,Tailwind/CSS arbitrary [...](2)
tsx,tests/integration/shared-dashboard-DashboardClient.test.tsx,2,2,Tailwind/CSS arbitrary [...](2)
tsx,tests/integration/shared-entry-ProductEntryPage.test.tsx,2,2,Tailwind/CSS arbitrary [...](2)
tsx,tests/unit/app/(site)/opengraph-image.test.tsx,1,2,style object key(2)
tsx,tests/unit/app/(site)/portal/[id]/page.test.tsx,2,2,Tailwind/CSS arbitrary [...](2)
tsx,tests/unit/app/(site)/products/[category]/FilterGrid.test.tsx,2,2,Tailwind/CSS arbitrary [...](2)
tsx,tests/unit/app/(site)/products/[category]/loading.test.tsx,2,2,Tailwind/CSS arbitrary [...](1); animate-*(1)
tsx,tests/unit/app/(site)/products/category/[slug]/page.test.tsx,2,2,Tailwind/CSS arbitrary [...](2)
tsx,tests/unit/app/(site)/social/page.test.tsx,2,2,Tailwind/CSS arbitrary [...](2)
tsx,tests/unit/app/(site)/twitter-image.test.tsx,1,2,style object key(2)
tsx,tests/unit/app/admin/crm/projects/[id]/page.test.tsx,2,2,Tailwind/CSS arbitrary [...](2)
tsx,tests/unit/app/admin/plans/[id]/page.test.tsx,2,2,Tailwind/CSS arbitrary [...](2)
tsx,tests/unit/app/planner/(marketing)/help/page.test.tsx,2,2,Tailwind/CSS arbitrary [...](2)
tsx,tests/unit/components/home/KpiCounter.test.tsx,2,2,Tailwind/CSS arbitrary [...](2)
tsx,tests/unit/components/home/PartnershipBanner.test.tsx,2,2,Tailwind/CSS arbitrary [...](2)
tsx,tests/unit/components/home/TrustStrip.test.tsx,1,2,transition(1); style object key(1)
tsx,tests/unit/components/home/WhyChooseUs.test.tsx,1,2,transition(1); style object key(1)
tsx,tests/unit/components/ProductGallery.test.tsx,2,2,Tailwind/CSS arbitrary [...](2)
tsx,tests/unit/components/site/Footer.test.tsx,2,2,Tailwind/CSS arbitrary [...](2)
tsx,tests/unit/components/support/VisualIVR.test.tsx,1,2,transition(1); style object key(1)
tsx,tests/unit/features/crm/QuotesView.test.tsx,1,2,Tailwind/CSS arbitrary [...](1); rounded-*(1)
tsx,tests/unit/features/planner/admin/AdminAnalyticsPageView.test.tsx,2,2,Tailwind/CSS arbitrary [...](2)
tsx,tests/unit/features/planner/admin/AdminInventoryPageView.test.tsx,2,2,Tailwind/CSS arbitrary [...](2)
tsx,tests/unit/features/planner/canvas-fabric/components/ChairsLayoutDialog.test.tsx,1,2,style object key(2)
tsx,tests/unit/features/planner/canvas-fabric/components/PreviewFurniture.test.tsx,2,2,style object key(2)
tsx,tests/unit/features/planner/canvas-fabric/context/FloorplanContext.test.tsx,2,2,%(2)
tsx,tests/unit/features/planner/editor/ExportModal.test.tsx,2,2,Tailwind/CSS arbitrary [...](2)
tsx,tests/unit/features/planner/editor/LayerVisibilityPanel.test.tsx,2,2,Tailwind/CSS arbitrary [...](2)
tsx,tests/unit/features/planner/editor/templates/TemplatePickerModal.test.tsx,2,2,Tailwind/CSS arbitrary [...](2)
tsx,tests/unit/features/planner/landing/plannerLandingIcons.test.tsx,2,2,Tailwind/CSS arbitrary [...](2)
tsx,tests/unit/lib/theme/useThemeAdmin.test.tsx,2,2,Tailwind/CSS arbitrary [...](2)
tsx,app/(site)/contact/page.tsx,1,1,Tailwind/CSS arbitrary [...](1)
tsx,app/(site)/dashboard/page.tsx,1,1,Tailwind/CSS arbitrary [...](1)
tsx,app/(site)/page.tsx,1,1,Tailwind/CSS arbitrary [...](1)
tsx,app/(site)/products/[category]/page.tsx,1,1,Tailwind/CSS arbitrary [...](1)
tsx,app/(site)/products/category/[slug]/page.tsx,1,1,Tailwind/CSS arbitrary [...](1)
tsx,app/(site)/providers/LenisProvider.tsx,1,1,JS anim duration(1)
tsx,app/(site)/providers/QueryProvider.tsx,1,1,Tailwind/CSS arbitrary [...](1)
tsx,app/planner/(workspace)/canvas/page.tsx,1,1,Tailwind/CSS arbitrary [...](1)
tsx,app/planner/(workspace)/fabric/canvas/page.tsx,1,1,Tailwind/CSS arbitrary [...](1)
tsx,app/planner/(workspace)/guest/page.tsx,1,1,Tailwind/CSS arbitrary [...](1)
tsx,app/planner/open3d/page.tsx,1,1,Tailwind/CSS arbitrary [...](1)
tsx,components/analytics/KpiIntegrityMonitor.tsx,1,1,Tailwind/CSS arbitrary [...](1)
tsx,components/ClientBadge.tsx,1,1,gap/space-*(1)
tsx,components/home/CollectionsSectionHeading.tsx,1,1,w-/h-*(1)
tsx,components/home/layout/HomeSection.tsx,1,1,Tailwind/CSS arbitrary [...](1)
tsx,components/home/layout/SiteWorkspaceShell.tsx,1,1,Tailwind/CSS arbitrary [...](1)
tsx,components/pwa/ServiceWorkerRegister.tsx,1,1,Tailwind/CSS arbitrary [...](1)
tsx,features/planner/_archive/fabric/editor/PlannerStatusBar.tsx,1,1,Tailwind/CSS arbitrary [...](1)
tsx,features/planner/_archive/fabric/editor/PlannerToolFabricSync.tsx,1,1,Tailwind/CSS arbitrary [...](1)
tsx,features/planner/admin/AdminDashboardPageView.tsx,1,1,inline style={{ }}(1)
tsx,features/planner/components/PlannerMarketingChrome.tsx,1,1,Tailwind/CSS arbitrary [...](1)
tsx,features/planner/open3d/editor/inventoryIcons.tsx,1,1,Tailwind/CSS arbitrary [...](1)
tsx,features/planner/ui/PlannerCanvasEnhancements.tsx,1,1,Tailwind/CSS arbitrary [...](1)
tsx,features/planner/ui/PlannerEmptyCanvas.tsx,1,1,p*/m* spacing (px/py/etc)(1)
tsx,features/shared/auth/lib/AuthProvider.tsx,1,1,Tailwind/CSS arbitrary [...](1)
tsx,tech-stack-generator/tests/app-overlay.test.tsx,1,1,Tailwind/CSS arbitrary [...](1)
tsx,tests/integration/planner-canvas-fabric-FloorplanCanvas.test.tsx,1,1,Tailwind/CSS arbitrary [...](1)
tsx,tests/integration/planner-editor-PlannerErrorBoundary.test.tsx,1,1,Tailwind/CSS arbitrary [...](1)
tsx,tests/integration/plannerAutosaveIdentity.test.tsx,1,1,Tailwind/CSS arbitrary [...](1)
tsx,tests/unit/app-site-portal-guest-view-id-page.test.tsx,1,1,Tailwind/CSS arbitrary [...](1)
tsx,tests/unit/app-site-products-error.test.tsx,1,1,Tailwind/CSS arbitrary [...](1)
tsx,tests/unit/app-site-products-loading.test.tsx,1,1,animate-*(1)
tsx,tests/unit/app-site-products-page.test.tsx,1,1,Tailwind/CSS arbitrary [...](1)
tsx,tests/unit/app/(site)/_template.homepage.test.tsx,1,1,Tailwind/CSS arbitrary [...](1)
tsx,tests/unit/app/(site)/about/page.test.tsx,1,1,Tailwind/CSS arbitrary [...](1)
tsx,tests/unit/app/(site)/compare/page.test.tsx,1,1,Tailwind/CSS arbitrary [...](1)
tsx,tests/unit/app/(site)/error.test.tsx,1,1,Tailwind/CSS arbitrary [...](1)
tsx,tests/unit/app/(site)/portal/guest/view/[id]/page.test.tsx,1,1,Tailwind/CSS arbitrary [...](1)
tsx,tests/unit/app/(site)/products/error.test.tsx,1,1,Tailwind/CSS arbitrary [...](1)
tsx,tests/unit/app/(site)/products/loading.test.tsx,1,1,animate-*(1)
tsx,tests/unit/app/(site)/showrooms/page.test.tsx,1,1,Tailwind/CSS arbitrary [...](1)
tsx,tests/unit/app/(site)/solutions/[category]/page.test.tsx,1,1,Tailwind/CSS arbitrary [...](1)
tsx,tests/unit/app/admin/inventory/page.test.tsx,1,1,Tailwind/CSS arbitrary [...](1)
tsx,tests/unit/app/admin/svg-editor/page.test.tsx,1,1,Tailwind/CSS arbitrary [...](1)
tsx,tests/unit/app/crm/projects/[id]/page.test.tsx,1,1,Tailwind/CSS arbitrary [...](1)
tsx,tests/unit/app/planner/(marketing)/features/page.test.tsx,1,1,Tailwind/CSS arbitrary [...](1)
tsx,tests/unit/app/planner/(marketing)/page.test.tsx,1,1,Tailwind/CSS arbitrary [...](1)
tsx,tests/unit/components/home/Collections.test.tsx,1,1,Tailwind/CSS arbitrary [...](1)
tsx,tests/unit/components/home/FeaturedCarousel.test.tsx,1,1,Tailwind/CSS arbitrary [...](1)
tsx,tests/unit/components/home/ShowcaseCarousel.test.tsx,1,1,Tailwind/CSS arbitrary [...](1)
tsx,tests/unit/components/products/CompareDock.test.tsx,1,1,Tailwind/CSS arbitrary [...](1)
tsx,tests/unit/components/Reviews.test.tsx,1,1,Tailwind/CSS arbitrary [...](1)
tsx,tests/unit/components/shared/Reveal.test.tsx,1,1,Tailwind/CSS arbitrary [...](1)
tsx,tests/unit/components/site/MobileNavDrawer.test.tsx,1,1,Tailwind/CSS arbitrary [...](1)
tsx,tests/unit/components/support/SupportIvrPageView.test.tsx,1,1,w-/h-*(1)
tsx,tests/unit/components/ThreeViewer.test.tsx,1,1,shadow*(1)
tsx,tests/unit/components/ui/Input.test.tsx,1,1,rounded-*(1)
tsx,tests/unit/components/ui/Label.test.tsx,1,1,text-* size(1)
tsx,tests/unit/features/crm/ClientsView.test.tsx,1,1,Tailwind/CSS arbitrary [...](1)
tsx,tests/unit/features/planner/admin/AdminLayoutShell.test.tsx,1,1,Tailwind/CSS arbitrary [...](1)
tsx,tests/unit/features/planner/canvas-fabric/FabricCanvasWorkspace.test.tsx,1,1,Tailwind/CSS arbitrary [...](1)
tsx,tests/unit/features/planner/canvas-fabric/FabricDrawToolsBar.test.tsx,1,1,Tailwind/CSS arbitrary [...](1)
tsx,tests/unit/features/planner/catalog/CatalogPanel.test.tsx,1,1,Tailwind/CSS arbitrary [...](1)
tsx,tests/unit/features/planner/catalog/renderBlockPrims.test.tsx,1,1,Tailwind/CSS arbitrary [...](1)
tsx,tests/unit/features/planner/editor/LayerManagerPanel.test.tsx,1,1,Tailwind/CSS arbitrary [...](1)
tsx,tests/unit/features/planner/editor/PlannerSketchRecoveryPanel.test.tsx,1,1,Tailwind/CSS arbitrary [...](1)
tsx,tests/unit/features/planner/editor/PlannerStatusBar.test.tsx,1,1,Tailwind/CSS arbitrary [...](1)
tsx,tests/unit/features/planner/help/PlannerHelpPage.test.tsx,1,1,Tailwind/CSS arbitrary [...](1)
tsx,tests/unit/features/planner/landing/PlannerFeatureDemo.test.tsx,1,1,Tailwind/CSS arbitrary [...](1)
tsx,tests/unit/features/planner/landing/PlannerFeaturePageView.test.tsx,1,1,Tailwind/CSS arbitrary [...](1)
tsx,tests/unit/features/planner/landing/PlannerFloorplanHero.test.tsx,1,1,Tailwind/CSS arbitrary [...](1)
tsx,tests/unit/features/planner/landing/PlannerHeroDemo.test.tsx,1,1,Tailwind/CSS arbitrary [...](1)
tsx,tests/unit/features/planner/landing/PlannerLandingPage.test.tsx,1,1,Tailwind/CSS arbitrary [...](1)
tsx,tests/unit/features/planner/onboarding/ProjectSetupStep.test.tsx,1,1,style object key(1)
tsx,tests/unit/features/planner/open3d/routesCoverage.test.tsx,1,1,Tailwind/CSS arbitrary [...](1)
tsx,tests/unit/features/planner/open3d/threeLazy.test.tsx,1,1,hex color(1)
tsx,tests/unit/lib/hooks/useInViewOnce.test.tsx,1,1,Tailwind/CSS arbitrary [...](1)
tsx,tests/unit/lib/ui/SmartLayoutEngine.test.tsx,1,1,Tailwind/CSS arbitrary [...](1)
tsx,tests/unit/lib/ui/Tooltip.test.tsx,1,1,shadow*(1)
tsx,tests/unit/lib/ui/UndoToast.test.tsx,1,1,transition(1)
